query-id	corpus-id	score
2021-03-23__苏州科达科技股份有限公司__603660__苏州科达__2020年__年度报告_116.png-2	2021-03-23__苏州科达科技股份有限公司__603660__苏州科达__2020年__年度报告_116.png	1
52fd4a323d97356a463959671794e900699baae5_57.png-1	52fd4a323d97356a463959671794e900699baae5_57.png	1
财经2023第04期_87.png-2	财经2023第04期_87.png	1
810d8681429537dbf20a437a6dbf08e34c1ece27_155.png-1	810d8681429537dbf20a437a6dbf08e34c1ece27_155.png	1
中国银行股份有限公司2024年半年度报告_133.png-1	中国银行股份有限公司2024年半年度报告_133.png	1
2022金融行业薪酬趋势报告（上半年）_25.png-3	2022金融行业薪酬趋势报告（上半年）_25.png	1
中国工商银行股份有限公司2023年度报告_351.png-1	中国工商银行股份有限公司2023年度报告_351.png	1
中国工商银行股份有限公司2023年度报告_258.png-1	中国工商银行股份有限公司2023年度报告_258.png	1
2021-03-23__苏州科达科技股份有限公司__603660__苏州科达__2020年__年度报告_177.png-2	2021-03-23__苏州科达科技股份有限公司__603660__苏州科达__2020年__年度报告_177.png	1
思看科技(杭州)股份有限公司科创板IPO上市招股说明书_50.png-2	思看科技(杭州)股份有限公司科创板IPO上市招股说明书_50.png	1
中国金融稳定报告2016_185.png-1	中国金融稳定报告2016_185.png	1
思看科技(杭州)股份有限公司科创板IPO上市招股说明书_292.png-3	思看科技(杭州)股份有限公司科创板IPO上市招股说明书_292.png	1
52fd4a323d97356a463959671794e900699baae5_271.png-2	52fd4a323d97356a463959671794e900699baae5_271.png	1
思看科技(杭州)股份有限公司科创板IPO上市招股说明书_32.png-2	思看科技(杭州)股份有限公司科创板IPO上市招股说明书_32.png	1
11463b6562c6ba2afde67a29bca314452ea9a2e0_125.png-3	11463b6562c6ba2afde67a29bca314452ea9a2e0_125.png	1
思看科技(杭州)股份有限公司科创板IPO上市招股说明书_57.png-2	思看科技(杭州)股份有限公司科创板IPO上市招股说明书_57.png	1
11463b6562c6ba2afde67a29bca314452ea9a2e0_189.png-2	11463b6562c6ba2afde67a29bca314452ea9a2e0_189.png	1
皖能电力年报点评：电价高位维持、煤价趋稳，新疆机组投产，归母净利润大幅增长；分红比例提高_1.png-3	皖能电力年报点评：电价高位维持、煤价趋稳，新疆机组投产，归母净利润大幅增长；分红比例提高_1.png	1
2022金融行业薪酬趋势报告（上半年）_14.png-3	2022金融行业薪酬趋势报告（上半年）_14.png	1
2021-04-16__四川明星电力股份有限公司__600101__明星电力__2020年__年度报告_121.png-3	2021-04-16__四川明星电力股份有限公司__600101__明星电力__2020年__年度报告_121.png	1
国家低空经济融创中心：中国上市及新三板挂牌公司低空经济发展报告（2024）_39.png-3	国家低空经济融创中心：中国上市及新三板挂牌公司低空经济发展报告（2024）_39.png	1
周期、重构、起航-2018年中国新经济创投白皮书_186.png-2	周期、重构、起航-2018年中国新经济创投白皮书_186.png	1
德勤：中国银行业2024年上半年发展回顾与展望报告_80.png-2	德勤：中国银行业2024年上半年发展回顾与展望报告_80.png	1
中国工商银行股份有限公司2023年度报告_328.png-2	中国工商银行股份有限公司2023年度报告_328.png	1
思看科技(杭州)股份有限公司科创板IPO上市招股说明书_347.png-2	思看科技(杭州)股份有限公司科创板IPO上市招股说明书_347.png	1
2021-04-16__德尔未来科技控股集团股份有限公司__002631__德尔未来__2020年__年度报告_213.png-2	2021-04-16__德尔未来科技控股集团股份有限公司__002631__德尔未来__2020年__年度报告_213.png	1
国家低空经济融创中心：中国上市及新三板挂牌公司低空经济发展报告（2024）_multipage_66-70.png-3	国家低空经济融创中心：中国上市及新三板挂牌公司低空经济发展报告（2024）_66.png	1
国家低空经济融创中心：中国上市及新三板挂牌公司低空经济发展报告（2024）_multipage_66-70.png-3	国家低空经济融创中心：中国上市及新三板挂牌公司低空经济发展报告（2024）_67.png	1
国家低空经济融创中心：中国上市及新三板挂牌公司低空经济发展报告（2024）_multipage_66-70.png-3	国家低空经济融创中心：中国上市及新三板挂牌公司低空经济发展报告（2024）_68.png	1
国家低空经济融创中心：中国上市及新三板挂牌公司低空经济发展报告（2024）_multipage_66-70.png-3	国家低空经济融创中心：中国上市及新三板挂牌公司低空经济发展报告（2024）_69.png	1
国家低空经济融创中心：中国上市及新三板挂牌公司低空经济发展报告（2024）_multipage_66-70.png-3	国家低空经济融创中心：中国上市及新三板挂牌公司低空经济发展报告（2024）_70.png	1
810d8681429537dbf20a437a6dbf08e34c1ece27_273.png-2	810d8681429537dbf20a437a6dbf08e34c1ece27_273.png	1
东吴证券：保险行业2025年投资策略：资负共振，长期可期_39.png-2	东吴证券：保险行业2025年投资策略：资负共振，长期可期_39.png	1
52fd4a323d97356a463959671794e900699baae5_36.png-2	52fd4a323d97356a463959671794e900699baae5_36.png	1
中国工商银行股份有限公司2023年度报告_359.png-1	中国工商银行股份有限公司2023年度报告_359.png	1
【看新股】A股IPO排队透视：待上市企业110家 华电新能、南航物流拟募资规模居前 - 中国金融信息网_4.png-2	【看新股】A股IPO排队透视：待上市企业110家 华电新能、南航物流拟募资规模居前 - 中国金融信息网_4.png	1
中国金融稳定报告2017_160.png-3	中国金融稳定报告2017_160.png	1
股票违约风险波及效应_机构部门资金流量视角_1_7.png-2	股票违约风险波及效应_机构部门资金流量视角_1_7.png	1
中国人民大学国际货币研究所：中国财富管理行业趋势报告（2024上）_12.png-3	中国人民大学国际货币研究所：中国财富管理行业趋势报告（2024上）_12.png	1
金杜律师事务所：2024年私募与基金热点问题解读及实务分析报告II_134.png-1	金杜律师事务所：2024年私募与基金热点问题解读及实务分析报告II_134.png	1
【研报推荐】艾德生物：逆势增长，业绩超预期_1.png-3	【研报推荐】艾德生物：逆势增长，业绩超预期_1.png	1
中国银行全球经济金融展望报告（2025年）：经济增长不确定性加大，货币政策进入降息周期_12.png-2	中国银行全球经济金融展望报告（2025年）：经济增长不确定性加大，货币政策进入降息周期_12.png	1
《中国经济观察》_65.png-3	《中国经济观察》_65.png	1
周期、重构、起航-2018年中国新经济创投白皮书_100.png-3	周期、重构、起航-2018年中国新经济创投白皮书_100.png	1
金地集团年报点评：业绩承压，尽力应对标债压力_2.png-2	金地集团年报点评：业绩承压，尽力应对标债压力_2.png	1
海利尔：行业景气基本触底，期待新项目放量_3.png-3	海利尔：行业景气基本触底，期待新项目放量_3.png	1
【研报推荐】国能日新年报点评：核心业务持续巩固，创新业务不断突破_2.png-2	【研报推荐】国能日新年报点评：核心业务持续巩固，创新业务不断突破_2.png	1
【研报推荐】均胜电子年报点评：汽车安全业务盈利改善，汽车电子业务稳定增长_3.png-3	【研报推荐】均胜电子年报点评：汽车安全业务盈利改善，汽车电子业务稳定增长_3.png	1
中国银行股份有限公司2024年半年度报告_139.png-3	中国银行股份有限公司2024年半年度报告_139.png	1
第一财经2024年5期_27.png-3	第一财经2024年5期_27.png	1
中国金融稳定报告2016_188.png-3	中国金融稳定报告2016_188.png	1
财经2024年9期_109.png-1	财经2024年9期_109.png	1
财经2024年9期_109.png-2	财经2024年9期_109.png	1
中国银行全球经济金融展望报告（2025年）：经济增长不确定性加大，货币政策进入降息周期_8.png-3	中国银行全球经济金融展望报告（2025年）：经济增长不确定性加大，货币政策进入降息周期_8.png	1
中国人民银行：人民币国际化报告（2024）_10.png-3	中国人民银行：人民币国际化报告（2024）_10.png	1
《财富》世界+500+强企业经营新动态、影响及建议_11.png-1	《财富》世界+500+强企业经营新动态、影响及建议_11.png	1
中国银行股份有限公司2024年半年度报告_146.png-3	中国银行股份有限公司2024年半年度报告_146.png	1
中国金融稳定报告2016_180.png-1	中国金融稳定报告2016_180.png	1
810d8681429537dbf20a437a6dbf08e34c1ece27_35.png-1	810d8681429537dbf20a437a6dbf08e34c1ece27_35.png	1
中国银行股份有限公司2024年半年度报告_155.png-3	中国银行股份有限公司2024年半年度报告_155.png	1
中国银行股份有限公司2024年半年度报告_77.png-1	中国银行股份有限公司2024年半年度报告_77.png	1
2022金融行业薪酬趋势报告（上半年）_17.png-2	2022金融行业薪酬趋势报告（上半年）_17.png	1
【研报推荐】远光软件年报点评：合同资产大幅增长，公司增长动力稳健_3.png-1	【研报推荐】远光软件年报点评：合同资产大幅增长，公司增长动力稳健_3.png	1
中国银行全球经济金融展望报告（2025年）：经济增长不确定性加大，货币政策进入降息周期_36.png-2	中国银行全球经济金融展望报告（2025年）：经济增长不确定性加大，货币政策进入降息周期_36.png	1
2021-04-16__四川明星电力股份有限公司__600101__明星电力__2020年__年度报告_194.png-2	2021-04-16__四川明星电力股份有限公司__600101__明星电力__2020年__年度报告_194.png	1
中国共享经济发展年度报告（2019）_25.png-2	中国共享经济发展年度报告（2019）_25.png	1
中国工商银行股份有限公司2023年度报告_295.png-1	中国工商银行股份有限公司2023年度报告_295.png	1
中国工商银行股份有限公司2023年度报告_378.png-2	中国工商银行股份有限公司2023年度报告_378.png	1
2022第一季度中国货币政策执行报告_29.png-1	2022第一季度中国货币政策执行报告_29.png	1
国家低空经济融创中心：中国上市及新三板挂牌公司低空经济发展报告（2024）_multipage_66-67.png-1	国家低空经济融创中心：中国上市及新三板挂牌公司低空经济发展报告（2024）_66.png	1
国家低空经济融创中心：中国上市及新三板挂牌公司低空经济发展报告（2024）_multipage_66-67.png-1	国家低空经济融创中心：中国上市及新三板挂牌公司低空经济发展报告（2024）_67.png	1
2021-04-16__四川明星电力股份有限公司__600101__明星电力__2020年__年度报告_75.png-3	2021-04-16__四川明星电力股份有限公司__600101__明星电力__2020年__年度报告_75.png	1
中国工商银行股份有限公司2023年度报告_250.png-2	中国工商银行股份有限公司2023年度报告_250.png	1
2020年中国金融行业数字化发展专题洞察_24.png-3	2020年中国金融行业数字化发展专题洞察_24.png	1
食品饮料行业深度报告：精选经营向上、份额提升、估值低位，具备长期投资价值的酒企_14.png-1	食品饮料行业深度报告：精选经营向上、份额提升、估值低位，具备长期投资价值的酒企_14.png	1
52fd4a323d97356a463959671794e900699baae5_211.png-3	52fd4a323d97356a463959671794e900699baae5_211.png	1
中国证券投资基金业协会：《声音》2024年第11期专题征文之十：基金投顾费率机制优化探讨（二）_12.png-2	中国证券投资基金业协会：《声音》2024年第11期专题征文之十：基金投顾费率机制优化探讨（二）_12.png	1
810d8681429537dbf20a437a6dbf08e34c1ece27_354.png-2	810d8681429537dbf20a437a6dbf08e34c1ece27_354.png	1
中国金融稳定报告2017_150.png-1	中国金融稳定报告2017_150.png	1
中国金融学会绿色金融专业委员会：2023年绿色金融创新研究报告-重点成果_90.png-2	中国金融学会绿色金融专业委员会：2023年绿色金融创新研究报告-重点成果_90.png	1
清华五道口：2024双碳目标下绿色转型股票指数报告_39.png-1	清华五道口：2024双碳目标下绿色转型股票指数报告_39.png	1
中国货币政策执行报告2022年第一季度_13.png-1	中国货币政策执行报告2022年第一季度_13.png	1
金地集团年报点评：业绩承压，尽力应对标债压力_1.png-3	金地集团年报点评：业绩承压，尽力应对标债压力_1.png	1
中国银行股份有限公司2024年上半年理财业务情况报告_2.png-2	中国银行股份有限公司2024年上半年理财业务情况报告_2.png	1
【看新股】港股IPO透视：前11月募资792亿港元 过半数新股上市首日上涨 - 中国金融信息网_6.png-2	【看新股】港股IPO透视：前11月募资792亿港元 过半数新股上市首日上涨 - 中国金融信息网_6.png	1
德勤：2024年亚太私募股权年鉴报告_31.png-3	德勤：2024年亚太私募股权年鉴报告_31.png	1
中证指数：2020全球上市中国股票概览_18.png-2	中证指数：2020全球上市中国股票概览_18.png	1
金杜律师事务所：2024年私募与基金热点问题解读及实务分析报告II_218.png-2	金杜律师事务所：2024年私募与基金热点问题解读及实务分析报告II_218.png	1
中国数字经济发展与就业白皮书+（2018年）_40.png-2	中国数字经济发展与就业白皮书+（2018年）_40.png	1
【看新股】创业板IPO透视：前11月募资201.74亿元 诺瓦星云、壹连科技募资规模居前 - 中国金融信息网_3.png-3	【看新股】创业板IPO透视：前11月募资201.74亿元 诺瓦星云、壹连科技募资规模居前 - 中国金融信息网_3.png	1
财经2023第03期_35.png-1	财经2023第03期_35.png	1
财经2023第04期_88.png-2	财经2023第04期_88.png	1
DeFi：代码驱动未来新金融__DeFi行业研究半年报（2020）_7.png-1	DeFi：代码驱动未来新金融__DeFi行业研究半年报（2020）_7.png	1
天风证券：券商行业2025年年度策略：政策大利好不断，券商板块静待进攻_17.png-1	天风证券：券商行业2025年年度策略：政策大利好不断，券商板块静待进攻_17.png	1
中国共享经济发展年度报告（2019）_27.png-1	中国共享经济发展年度报告（2019）_27.png	1
74家公司本月公布派息预案 合计拟分红超230亿元 _ 东方财富网_1.png-3	74家公司本月公布派息预案 合计拟分红超230亿元 _ 东方财富网_1.png	1
【看新股】创业板IPO透视：前11月募资201.74亿元 诺瓦星云、壹连科技募资规模居前 - 中国金融信息网_4.png-3	【看新股】创业板IPO透视：前11月募资201.74亿元 诺瓦星云、壹连科技募资规模居前 - 中国金融信息网_4.png	1
【宏观洞见】1月金融数据解读：金融数据开门红，实体融资需求改善 - 中国金融信息网_2.png-1	【宏观洞见】1月金融数据解读：金融数据开门红，实体融资需求改善 - 中国金融信息网_2.png	1
中国银行业数字金融生态平台最新实践报告（2020）_13.png-2	中国银行业数字金融生态平台最新实践报告（2020）_13.png	1
东吴证券：保险行业2025年投资策略：资负共振，长期可期_30.png-1	东吴证券：保险行业2025年投资策略：资负共振，长期可期_30.png	1
中证指数：2020全球上市中国股票概览_6.png-3	中证指数：2020全球上市中国股票概览_6.png	1
2021-04-16__四川明星电力股份有限公司__600101__明星电力__2020年__年度报告_139.png-2	2021-04-16__四川明星电力股份有限公司__600101__明星电力__2020年__年度报告_139.png	1
2021-04-16__德尔未来科技控股集团股份有限公司__002631__德尔未来__2020年__年度报告_62.png-2	2021-04-16__德尔未来科技控股集团股份有限公司__002631__德尔未来__2020年__年度报告_62.png	1
周期、重构、起航-2018年中国新经济创投白皮书_183.png-3	周期、重构、起航-2018年中国新经济创投白皮书_183.png	1
2021-03-23__苏州科达科技股份有限公司__603660__苏州科达__2020年__年度报告_76.png-1	2021-03-23__苏州科达科技股份有限公司__603660__苏州科达__2020年__年度报告_76.png	1
2021-03-23__苏州科达科技股份有限公司__603660__苏州科达__2020年__年度报告_43.png-1	2021-03-23__苏州科达科技股份有限公司__603660__苏州科达__2020年__年度报告_43.png	1
52fd4a323d97356a463959671794e900699baae5_246.png-2	52fd4a323d97356a463959671794e900699baae5_246.png	1
2021-03-23__苏州科达科技股份有限公司__603660__苏州科达__2020年__年度报告_106.png-1	2021-03-23__苏州科达科技股份有限公司__603660__苏州科达__2020年__年度报告_106.png	1
2021-04-16__德尔未来科技控股集团股份有限公司__002631__德尔未来__2020年__年度报告_160.png-2	2021-04-16__德尔未来科技控股集团股份有限公司__002631__德尔未来__2020年__年度报告_160.png	1
2021-04-16__德尔未来科技控股集团股份有限公司__002631__德尔未来__2020年__年度报告_191.png-1	2021-04-16__德尔未来科技控股集团股份有限公司__002631__德尔未来__2020年__年度报告_191.png	1
810d8681429537dbf20a437a6dbf08e34c1ece27_513.png-2	810d8681429537dbf20a437a6dbf08e34c1ece27_513.png	1
国家低空经济融创中心：中国上市及新三板挂牌公司低空经济发展报告（2024）_205.png-2	国家低空经济融创中心：中国上市及新三板挂牌公司低空经济发展报告（2024）_205.png	1
810d8681429537dbf20a437a6dbf08e34c1ece27_433.png-2	810d8681429537dbf20a437a6dbf08e34c1ece27_433.png	1
2021-04-16__德尔未来科技控股集团股份有限公司__002631__德尔未来__2020年__年度报告_107.png-2	2021-04-16__德尔未来科技控股集团股份有限公司__002631__德尔未来__2020年__年度报告_107.png	1
2021-04-16__德尔未来科技控股集团股份有限公司__002631__德尔未来__2020年__年度报告_107.png-3	2021-04-16__德尔未来科技控股集团股份有限公司__002631__德尔未来__2020年__年度报告_107.png	1
2021-04-16__四川明星电力股份有限公司__600101__明星电力__2020年__年度报告_79.png-1	2021-04-16__四川明星电力股份有限公司__600101__明星电力__2020年__年度报告_79.png	1
周期、重构、起航-2018年中国新经济创投白皮书_145.png-2	周期、重构、起航-2018年中国新经济创投白皮书_145.png	1
2021-03-23__苏州科达科技股份有限公司__603660__苏州科达__2020年__年度报告_131.png-3	2021-03-23__苏州科达科技股份有限公司__603660__苏州科达__2020年__年度报告_131.png	1
2021-04-16__四川明星电力股份有限公司__600101__明星电力__2020年__年度报告_171.png-2	2021-04-16__四川明星电力股份有限公司__600101__明星电力__2020年__年度报告_171.png	1
2021-04-16__四川明星电力股份有限公司__600101__明星电力__2020年__年度报告_116.png-1	2021-04-16__四川明星电力股份有限公司__600101__明星电力__2020年__年度报告_116.png	1
中国金融稳定报告2016_190.png-2	中国金融稳定报告2016_190.png	1
午评：沪指窄幅震荡涨0.1% 大消费板块继续走强 - 中国金融信息网_1.png-3	午评：沪指窄幅震荡涨0.1% 大消费板块继续走强 - 中国金融信息网_1.png	1
中国金融科技专题分析2020_36.png-2	中国金融科技专题分析2020_36.png	1
思看科技(杭州)股份有限公司科创板IPO上市招股说明书_249.png-1	思看科技(杭州)股份有限公司科创板IPO上市招股说明书_249.png	1
2021-03-23__苏州科达科技股份有限公司__603660__苏州科达__2020年__年度报告_22.png-3	2021-03-23__苏州科达科技股份有限公司__603660__苏州科达__2020年__年度报告_22.png	1
中国工商银行股份有限公司2023年度报告_349.png-2	中国工商银行股份有限公司2023年度报告_349.png	1
2021-03-23__苏州科达科技股份有限公司__603660__苏州科达__2020年__年度报告_153.png-1	2021-03-23__苏州科达科技股份有限公司__603660__苏州科达__2020年__年度报告_153.png	1
2021-03-23__苏州科达科技股份有限公司__603660__苏州科达__2020年__年度报告_153.png-3	2021-03-23__苏州科达科技股份有限公司__603660__苏州科达__2020年__年度报告_153.png	1
2021-03-23__苏州科达科技股份有限公司__603660__苏州科达__2020年__年度报告_80.png-1	2021-03-23__苏州科达科技股份有限公司__603660__苏州科达__2020年__年度报告_80.png	1
中国工商银行股份有限公司2023年度报告_322.png-3	中国工商银行股份有限公司2023年度报告_322.png	1
思看科技(杭州)股份有限公司科创板IPO上市招股说明书_19.png-3	思看科技(杭州)股份有限公司科创板IPO上市招股说明书_19.png	1
2021-03-23__苏州科达科技股份有限公司__603660__苏州科达__2020年__年度报告_70.png-1	2021-03-23__苏州科达科技股份有限公司__603660__苏州科达__2020年__年度报告_70.png	1
2021-04-16__德尔未来科技控股集团股份有限公司__002631__德尔未来__2020年__年度报告_160.png-1	2021-04-16__德尔未来科技控股集团股份有限公司__002631__德尔未来__2020年__年度报告_160.png	1
中国工商银行股份有限公司2023年度报告_86.png-2	中国工商银行股份有限公司2023年度报告_86.png	1
2021-04-16__四川明星电力股份有限公司__600101__明星电力__2020年__年度报告_multipage_149-150.png-2	2021-04-16__四川明星电力股份有限公司__600101__明星电力__2020年__年度报告_149.png	1
2021-04-16__四川明星电力股份有限公司__600101__明星电力__2020年__年度报告_multipage_149-150.png-2	2021-04-16__四川明星电力股份有限公司__600101__明星电力__2020年__年度报告_150.png	1
810d8681429537dbf20a437a6dbf08e34c1ece27_417.png-2	810d8681429537dbf20a437a6dbf08e34c1ece27_417.png	1
2021-04-16__四川明星电力股份有限公司__600101__明星电力__2020年__年度报告_175.png-2	2021-04-16__四川明星电力股份有限公司__600101__明星电力__2020年__年度报告_175.png	1
山西证券：信用策略系列报告四：一文读懂融资租赁债_38.png-2	山西证券：信用策略系列报告四：一文读懂融资租赁债_38.png	1
思看科技(杭州)股份有限公司科创板IPO上市招股说明书_333.png-2	思看科技(杭州)股份有限公司科创板IPO上市招股说明书_333.png	1
中国银行股份有限公司2024年半年度报告_131.png-3	中国银行股份有限公司2024年半年度报告_131.png	1
2021-03-23__苏州科达科技股份有限公司__603660__苏州科达__2020年__年度报告_51.png-3	2021-03-23__苏州科达科技股份有限公司__603660__苏州科达__2020年__年度报告_51.png	1
2021-03-23__苏州科达科技股份有限公司__603660__苏州科达__2020年__年度报告_150.png-1	2021-03-23__苏州科达科技股份有限公司__603660__苏州科达__2020年__年度报告_150.png	1
2021-03-23__苏州科达科技股份有限公司__603660__苏州科达__2020年__年度报告_150.png-3	2021-03-23__苏州科达科技股份有限公司__603660__苏州科达__2020年__年度报告_150.png	1
《宏观观察》2023年第28期：我国跨境资本流动新态势、展望及影响_5.png-1	《宏观观察》2023年第28期：我国跨境资本流动新态势、展望及影响_5.png	1
周期、重构、起航-2018年中国新经济创投白皮书_24.png-2	周期、重构、起航-2018年中国新经济创投白皮书_24.png	1
周期、重构、起航-2018年中国新经济创投白皮书_78.png-3	周期、重构、起航-2018年中国新经济创投白皮书_78.png	1
2021-04-16__四川明星电力股份有限公司__600101__明星电力__2020年__年度报告_22.png-1	2021-04-16__四川明星电力股份有限公司__600101__明星电力__2020年__年度报告_22.png	1
中国工商银行股份有限公司2023年度报告_26.png-1	中国工商银行股份有限公司2023年度报告_26.png	1
明月镜片年报点评：大单品增长亮眼，营销投放趋于谨慎_1.png-3	明月镜片年报点评：大单品增长亮眼，营销投放趋于谨慎_1.png	1
2021-04-16__德尔未来科技控股集团股份有限公司__002631__德尔未来__2020年__年度报告_170.png-1	2021-04-16__德尔未来科技控股集团股份有限公司__002631__德尔未来__2020年__年度报告_170.png	1
周期、重构、起航-2018年中国新经济创投白皮书_21.png-3	周期、重构、起航-2018年中国新经济创投白皮书_21.png	1
中银日积月累-乐享天天(美元版)_3.png-3	中银日积月累-乐享天天(美元版)_3.png	1
2021-04-16__德尔未来科技控股集团股份有限公司__002631__德尔未来__2020年__年度报告_189.png-2	2021-04-16__德尔未来科技控股集团股份有限公司__002631__德尔未来__2020年__年度报告_189.png	1
第一财经2023年1-2期_151.png-3	第一财经2023年1-2期_151.png	1
2021-04-16__四川明星电力股份有限公司__600101__明星电力__2020年__年度报告_152.png-2	2021-04-16__四川明星电力股份有限公司__600101__明星电力__2020年__年度报告_152.png	1
2021-03-23__苏州科达科技股份有限公司__603660__苏州科达__2020年__年度报告_40.png-1	2021-03-23__苏州科达科技股份有限公司__603660__苏州科达__2020年__年度报告_40.png	1
810d8681429537dbf20a437a6dbf08e34c1ece27_425.png-1	810d8681429537dbf20a437a6dbf08e34c1ece27_425.png	1
中国金融学会绿色金融专业委员会：2023年绿色金融创新研究报告-重点成果_90.png-3	中国金融学会绿色金融专业委员会：2023年绿色金融创新研究报告-重点成果_90.png	1
思看科技(杭州)股份有限公司科创板IPO上市招股说明书_56.png-3	思看科技(杭州)股份有限公司科创板IPO上市招股说明书_56.png	1
52fd4a323d97356a463959671794e900699baae5_217.png-2	52fd4a323d97356a463959671794e900699baae5_217.png	1
周期、重构、起航-2018年中国新经济创投白皮书_10.png-3	周期、重构、起航-2018年中国新经济创投白皮书_10.png	1
810d8681429537dbf20a437a6dbf08e34c1ece27_93.png-2	810d8681429537dbf20a437a6dbf08e34c1ece27_93.png	1
2021-04-16__四川明星电力股份有限公司__600101__明星电力__2020年__年度报告_72.png-1	2021-04-16__四川明星电力股份有限公司__600101__明星电力__2020年__年度报告_72.png	1
2021-04-16__德尔未来科技控股集团股份有限公司__002631__德尔未来__2020年__年度报告_105.png-2	2021-04-16__德尔未来科技控股集团股份有限公司__002631__德尔未来__2020年__年度报告_105.png	1
810d8681429537dbf20a437a6dbf08e34c1ece27_461.png-3	810d8681429537dbf20a437a6dbf08e34c1ece27_461.png	1
中国工商银行股份有限公司2023年度报告_288.png-1	中国工商银行股份有限公司2023年度报告_288.png	1
2021-03-23__苏州科达科技股份有限公司__603660__苏州科达__2020年__年度报告_10.png-1	2021-03-23__苏州科达科技股份有限公司__603660__苏州科达__2020年__年度报告_10.png	1
52fd4a323d97356a463959671794e900699baae5_178.png-3	52fd4a323d97356a463959671794e900699baae5_178.png	1
中国工商银行股份有限公司2023年度报告_16.png-3	中国工商银行股份有限公司2023年度报告_16.png	1
2021-04-16__四川明星电力股份有限公司__600101__明星电力__2020年__年度报告_147.png-2	2021-04-16__四川明星电力股份有限公司__600101__明星电力__2020年__年度报告_147.png	1
新华财经晚报：11月份国民经济延续回升态势 - 中国金融信息网_3.png-3	新华财经晚报：11月份国民经济延续回升态势 - 中国金融信息网_3.png	1
2021-04-16__四川明星电力股份有限公司__600101__明星电力__2020年__年度报告_118.png-2	2021-04-16__四川明星电力股份有限公司__600101__明星电力__2020年__年度报告_118.png	1
2021-04-16__德尔未来科技控股集团股份有限公司__002631__德尔未来__2020年__年度报告_183.png-2	2021-04-16__德尔未来科技控股集团股份有限公司__002631__德尔未来__2020年__年度报告_183.png	1
2021-04-16__德尔未来科技控股集团股份有限公司__002631__德尔未来__2020年__年度报告_113.png-3	2021-04-16__德尔未来科技控股集团股份有限公司__002631__德尔未来__2020年__年度报告_113.png	1
2021-03-23__苏州科达科技股份有限公司__603660__苏州科达__2020年__年度报告_110.png-2	2021-03-23__苏州科达科技股份有限公司__603660__苏州科达__2020年__年度报告_110.png	1
财经2023第02期_11.png-3	财经2023第02期_11.png	1
国家低空经济融创中心：中国上市及新三板挂牌公司低空经济发展报告（2024）_153.png-3	国家低空经济融创中心：中国上市及新三板挂牌公司低空经济发展报告（2024）_153.png	1
中国金融稳定报告2017_145.png-1	中国金融稳定报告2017_145.png	1
11463b6562c6ba2afde67a29bca314452ea9a2e0_143.png-3	11463b6562c6ba2afde67a29bca314452ea9a2e0_143.png	1
2021-03-23__苏州科达科技股份有限公司__603660__苏州科达__2020年__年度报告_118.png-2	2021-03-23__苏州科达科技股份有限公司__603660__苏州科达__2020年__年度报告_118.png	1
2021-04-16__四川明星电力股份有限公司__600101__明星电力__2020年__年度报告_47.png-2	2021-04-16__四川明星电力股份有限公司__600101__明星电力__2020年__年度报告_47.png	1
国家低空经济融创中心：中国上市及新三板挂牌公司低空经济发展报告（2024）_248.png-3	国家低空经济融创中心：中国上市及新三板挂牌公司低空经济发展报告（2024）_248.png	1
思看科技(杭州)股份有限公司科创板IPO上市招股说明书_302.png-3	思看科技(杭州)股份有限公司科创板IPO上市招股说明书_302.png	1
2021-04-16__四川明星电力股份有限公司__600101__明星电力__2020年__年度报告_160.png-2	2021-04-16__四川明星电力股份有限公司__600101__明星电力__2020年__年度报告_160.png	1
2021-03-23__苏州科达科技股份有限公司__603660__苏州科达__2020年__年度报告_49.png-3	2021-03-23__苏州科达科技股份有限公司__603660__苏州科达__2020年__年度报告_49.png	1
2021-04-16__四川明星电力股份有限公司__600101__明星电力__2020年__年度报告_148.png-3	2021-04-16__四川明星电力股份有限公司__600101__明星电力__2020年__年度报告_148.png	1
2021-03-23__苏州科达科技股份有限公司__603660__苏州科达__2020年__年度报告_61.png-2	2021-03-23__苏州科达科技股份有限公司__603660__苏州科达__2020年__年度报告_61.png	1
2021-04-16__德尔未来科技控股集团股份有限公司__002631__德尔未来__2020年__年度报告_171.png-1	2021-04-16__德尔未来科技控股集团股份有限公司__002631__德尔未来__2020年__年度报告_171.png	1
2021-04-16__德尔未来科技控股集团股份有限公司__002631__德尔未来__2020年__年度报告_171.png-3	2021-04-16__德尔未来科技控股集团股份有限公司__002631__德尔未来__2020年__年度报告_171.png	1
2021-04-16__德尔未来科技控股集团股份有限公司__002631__德尔未来__2020年__年度报告_192.png-2	2021-04-16__德尔未来科技控股集团股份有限公司__002631__德尔未来__2020年__年度报告_192.png	1
2021-04-16__四川明星电力股份有限公司__600101__明星电力__2020年__年度报告_120.png-2	2021-04-16__四川明星电力股份有限公司__600101__明星电力__2020年__年度报告_120.png	1
2021-03-23__苏州科达科技股份有限公司__603660__苏州科达__2020年__年度报告_107.png-2	2021-03-23__苏州科达科技股份有限公司__603660__苏州科达__2020年__年度报告_107.png	1
2021-03-23__苏州科达科技股份有限公司__603660__苏州科达__2020年__年度报告_8.png-1	2021-03-23__苏州科达科技股份有限公司__603660__苏州科达__2020年__年度报告_8.png	1
麦肯锡全球银行业年度报告_38.png-2	麦肯锡全球银行业年度报告_38.png	1
2021年的全球经济与中国经济_6.png-2	2021年的全球经济与中国经济_6.png	1
2021中国数字经济50条判断_84.png-3	2021中国数字经济50条判断_84.png	1
第一财经2024年12期_64.png-3	第一财经2024年12期_64.png	1
【研报推荐】联博基金首只公募产品即将面世，工银瑞信沪深300ETF降费_8.png-2	【研报推荐】联博基金首只公募产品即将面世，工银瑞信沪深300ETF降费_8.png	1
毕马威：2024年二、三季度资产证券化季刊_10.png-3	毕马威：2024年二、三季度资产证券化季刊_10.png	1
UNDP&CICETE&度小满：2024年农村小微企业融资新发展报告_67.png-1	UNDP&CICETE&度小满：2024年农村小微企业融资新发展报告_67.png	1
财经2024年6期_75.png-3	财经2024年6期_75.png	1
车路云一体化发展提速，问界新M7大定破3万_6.png-2	车路云一体化发展提速，问界新M7大定破3万_6.png	1
2024年中国银行业调查报告_137.png-3	2024年中国银行业调查报告_137.png	1
清华五道口：2024双碳目标下绿色转型股票指数报告_13.png-3	清华五道口：2024双碳目标下绿色转型股票指数报告_13.png	1
周期、重构、起航-2018年中国新经济创投白皮书_63.png-2	周期、重构、起航-2018年中国新经济创投白皮书_63.png	1
全球数字经济新图景（2019年）_47.png-2	全球数字经济新图景（2019年）_47.png	1
泰康绿色金融发展白皮书_21.png-2	泰康绿色金融发展白皮书_21.png	1
财经2023第03期_36.png-3	财经2023第03期_36.png	1
财经2024年7期_59.png-1	财经2024年7期_59.png	1
转型中的中东经济——中国与中东经贸合作前景广阔_31.png-3	转型中的中东经济——中国与中东经贸合作前景广阔_31.png	1
中国绿色金融研究报告（2024）_154.png-2	中国绿色金融研究报告（2024）_154.png	1
第一财经2024年1期_58.png-3	第一财经2024年1期_58.png	1
财经2023第06期_109.png-2	财经2023第06期_109.png	1
中国汽车金融市场数字化发展专题分析2019_20.png-1	中国汽车金融市场数字化发展专题分析2019_20.png	1
中国银行全球经济金融展望报告（2025年）：经济增长不确定性加大，货币政策进入降息周期_21.png-3	中国银行全球经济金融展望报告（2025年）：经济增长不确定性加大，货币政策进入降息周期_21.png	1
第一财经2024年12期_81.png-3	第一财经2024年12期_81.png	1
第一财经2024年5期_130.png-3	第一财经2024年5期_130.png	1
全球数字经济新图景（2019年）_57.png-1	全球数字经济新图景（2019年）_57.png	1
2018年中国金融科技发展现状研究—以爱财集团为例_9.png-3	2018年中国金融科技发展现状研究—以爱财集团为例_9.png	1
中国绿色金融研究报告（2024）_84.png-1	中国绿色金融研究报告（2024）_84.png	1
国家低空经济融创中心：中国上市及新三板挂牌公司低空经济发展报告（2024）_29.png-3	国家低空经济融创中心：中国上市及新三板挂牌公司低空经济发展报告（2024）_29.png	1
天风证券：券商行业2025年年度策略：政策大利好不断，券商板块静待进攻_14.png-2	天风证券：券商行业2025年年度策略：政策大利好不断，券商板块静待进攻_14.png	1
周期、重构、起航-2018年中国新经济创投白皮书_89.png-3	周期、重构、起航-2018年中国新经济创投白皮书_89.png	1
德勤：中国银行业2024年上半年发展回顾与展望报告_33.png-2	德勤：中国银行业2024年上半年发展回顾与展望报告_33.png	1
东吴证券：2025年A股投资策略展望：“内循环牛”和“科技成长牛”_33.png-2	东吴证券：2025年A股投资策略展望：“内循环牛”和“科技成长牛”_33.png	1
2020年疫情下中国新经济产业投资研究报告_5.png-2	2020年疫情下中国新经济产业投资研究报告_5.png	1
2021中国数字经济50条判断_29.png-3	2021中国数字经济50条判断_29.png	1
浦银国际证券：SPDBI中国股市资金全景图2022年4月刊：资金流周期底部，继续看多中国股票_45.png-3	浦银国际证券：SPDBI中国股市资金全景图2022年4月刊：资金流周期底部，继续看多中国股票_45.png	1
DeFi：代码驱动未来新金融__DeFi行业研究半年报（2020）_11.png-3	DeFi：代码驱动未来新金融__DeFi行业研究半年报（2020）_11.png	1
2020年中国地摊经济行业研究报告_8.png-1	2020年中国地摊经济行业研究报告_8.png	1
华鑫证券：基础化工行业深度报告：成本优势构筑国内化工行业龙头核心竞争力_42.png-3	华鑫证券：基础化工行业深度报告：成本优势构筑国内化工行业龙头核心竞争力_42.png	1
德勤：中国银行业2024年上半年发展回顾与展望报告_18.png-3	德勤：中国银行业2024年上半年发展回顾与展望报告_18.png	1
2020年疫情下中国新经济产业投资研究报告_11.png-2	2020年疫情下中国新经济产业投资研究报告_11.png	1
第一财经2023年9期_51.png-3	第一财经2023年9期_51.png	1
财经2024年3期_65.png-1	财经2024年3期_65.png	1
中国银行业2021年上半年发展回顾与展望_49.png-2	中国银行业2021年上半年发展回顾与展望_49.png	1
金融数字化发展联盟：2024年消费金融数字化转型主题调研报告_76.png-2	金融数字化发展联盟：2024年消费金融数字化转型主题调研报告_76.png	1
全球金融科技投融资报告(2021年7月)_19.png-3	全球金融科技投融资报告(2021年7月)_19.png	1
第一财经2024年4期_28.png-1	第一财经2024年4期_28.png	1
2020年中国原创财经新媒体案例研究报告_11.png-1	2020年中国原创财经新媒体案例研究报告_11.png	1
财经2023第07期_78.png-1	财经2023第07期_78.png	1
2022中国新能源汽车行业投资机会观察_14.png-2	2022中国新能源汽车行业投资机会观察_14.png	1
货币市场日报：12月25日 - 中国金融信息网_1.png-2	货币市场日报：12月25日 - 中国金融信息网_1.png	1
中国共享经济发展年度报告（2019）_33.png-3	中国共享经济发展年度报告（2019）_33.png	1
周期、重构、起航-2018年中国新经济创投白皮书_162.png-2	周期、重构、起航-2018年中国新经济创投白皮书_162.png	1
中国绿色金融研究报告（2024）_53.png-3	中国绿色金融研究报告（2024）_53.png	1
第一财经2023年1-2期_29.png-2	第一财经2023年1-2期_29.png	1
财经2023第04期_76.png-1	财经2023第04期_76.png	1
第一财经2024年9期_77.png-1	第一财经2024年9期_77.png	1
中国人民银行：人民币国际化报告（2024）_32.png-2	中国人民银行：人民币国际化报告（2024）_32.png	1
中国人民大学&万联网：2024年中国供应链金融生态调研报告_32.png-2	中国人民大学&万联网：2024年中国供应链金融生态调研报告_32.png	1
第一财经2023年12期_47.png-3	第一财经2023年12期_47.png	1
CB+Insights：2018年Q1全球金融科技报告_44.png-3	CB+Insights：2018年Q1全球金融科技报告_44.png	1
德勤：2024年亚太私募股权年鉴报告_25.png-1	德勤：2024年亚太私募股权年鉴报告_25.png	1
全球数字经济新图景（2019年）_38.png-1	全球数字经济新图景（2019年）_38.png	1
CB+Insights：2018年Q1全球金融科技报告_18.png-3	CB+Insights：2018年Q1全球金融科技报告_18.png	1
财经2023第02期_59.png-1	财经2023第02期_59.png	1
中国证券投资基金业协会：《声音》2024年第11期专题征文之十：基金投顾费率机制优化探讨（二）_6.png-2	中国证券投资基金业协会：《声音》2024年第11期专题征文之十：基金投顾费率机制优化探讨（二）_6.png	1
中国银河：银行业周报：政策拐点显现，继续看好银行配置价值_11.png-2	中国银河：银行业周报：政策拐点显现，继续看好银行配置价值_11.png	1
中国县域工业经济发展报告_37.png-3	中国县域工业经济发展报告_37.png	1
第一财经2024年12期_89.png-3	第一财经2024年12期_89.png	1
2024年中国银行业调查报告_25.png-3	2024年中国银行业调查报告_25.png	1
第一财经2023年9期_90.png-3	第一财经2023年9期_90.png	1
投中统计： 三季度港股再现百亿级项目 中企IPO数量金额环比回升_18.png-2	投中统计： 三季度港股再现百亿级项目 中企IPO数量金额环比回升_18.png	1
第一财经2023年12期_75.png-1	第一财经2023年12期_75.png	1
2017中国餐饮市场金融服务_19.png-2	2017中国餐饮市场金融服务_19.png	1
2020年中国金融行业数字化发展专题洞察_23.png-1	2020年中国金融行业数字化发展专题洞察_23.png	1
CB+Insights：2018年Q1全球金融科技报告_21.png-2	CB+Insights：2018年Q1全球金融科技报告_21.png	1
2022第二季度中国货币政策执行报告_26.png-3	2022第二季度中国货币政策执行报告_26.png	1
全球数字经济新图景（2019年）_26.png-2	全球数字经济新图景（2019年）_26.png	1
东吴证券：保险行业2025年投资策略：资负共振，长期可期_22.png-3	东吴证券：保险行业2025年投资策略：资负共振，长期可期_22.png	1
中国工商银行股份有限公司2023年度报告_103.png-1	中国工商银行股份有限公司2023年度报告_103.png	1
中国人民大学国际货币研究所：中国财富管理行业趋势报告（2024上）_42.png-2	中国人民大学国际货币研究所：中国财富管理行业趋势报告（2024上）_42.png	1
【宏观洞见】3月份社零同比增长3.1%，一季度消费市场平稳增长 - 中国金融信息网_1.png-3	【宏观洞见】3月份社零同比增长3.1%，一季度消费市场平稳增长 - 中国金融信息网_1.png	1
中国人民大学&万联网：2024年中国供应链金融生态调研报告_21.png-2	中国人民大学&万联网：2024年中国供应链金融生态调研报告_21.png	1
中国人民大学&万联网：2024年中国供应链金融生态调研报告_37.png-2	中国人民大学&万联网：2024年中国供应链金融生态调研报告_37.png	1
周期、重构、起航-2018年中国新经济创投白皮书_85.png-2	周期、重构、起航-2018年中国新经济创投白皮书_85.png	1
周期、重构、起航-2018年中国新经济创投白皮书_36.png-2	周期、重构、起航-2018年中国新经济创投白皮书_36.png	1
中国智能+银行市场专题分析2020_39.png-2	中国智能+银行市场专题分析2020_39.png	1
UNDP&CICETE&度小满：2024年农村小微企业融资新发展报告_21.png-3	UNDP&CICETE&度小满：2024年农村小微企业融资新发展报告_21.png	1
德勤：2024年亚太私募股权年鉴报告_23.png-2	德勤：2024年亚太私募股权年鉴报告_23.png	1
金融数字化发展联盟：2024年消费金融数字化转型主题调研报告_98.png-2	金融数字化发展联盟：2024年消费金融数字化转型主题调研报告_98.png	1
泰康绿色金融发展白皮书_23.png-1	泰康绿色金融发展白皮书_23.png	1
第一财经2023年1-2期_54.png-2	第一财经2023年1-2期_54.png	1
2021年香港银行业报告_10.png-3	2021年香港银行业报告_10.png	1
宠物经济发展趋势研究报告_17.png-2	宠物经济发展趋势研究报告_17.png	1
鉴过知来+向往而新：2022年上半年银行业监管处罚分析洞察_4.png-2	鉴过知来+向往而新：2022年上半年银行业监管处罚分析洞察_4.png	1
中国数字经济发展白皮书_53.png-2	中国数字经济发展白皮书_53.png	1
【新华500】新华500指数（989001）23日跌0.09% - 中国金融信息网_1.png-3	【新华500】新华500指数（989001）23日跌0.09% - 中国金融信息网_1.png	1
财经2024年1期_21.png-1	财经2024年1期_21.png	1
中国金融稳定报告2017_83.png-3	中国金融稳定报告2017_83.png	1
【新华500】新华500指数（989001）23日跌0.09% - 中国金融信息网_1.png-2	【新华500】新华500指数（989001）23日跌0.09% - 中国金融信息网_1.png	1
中国货币政策执行报告2022年第一季度_36.png-1	中国货币政策执行报告2022年第一季度_36.png	1
2022中国区域金融运行报告_12.png-2	2022中国区域金融运行报告_12.png	1
2022中国区域金融运行报告_12.png-3	2022中国区域金融运行报告_12.png	1
转型中的中东经济——中国与中东经贸合作前景广阔_15.png-1	转型中的中东经济——中国与中东经贸合作前景广阔_15.png	1
第一财经2023年9期_59.png-2	第一财经2023年9期_59.png	1
第一财经2023年9期_59.png-3	第一财经2023年9期_59.png	1
中国人民大学国际货币研究所：中国财富管理行业趋势报告（2024上）_7.png-2	中国人民大学国际货币研究所：中国财富管理行业趋势报告（2024上）_7.png	1
宏观半年报：2023年上半年经济形势分析及下半年展望：蹒跚复苏，关山可越_29.png-1	宏观半年报：2023年上半年经济形势分析及下半年展望：蹒跚复苏，关山可越_29.png	1
中国金融学会绿色金融专业委员会：2023年绿色金融创新研究报告-重点成果_196.png-1	中国金融学会绿色金融专业委员会：2023年绿色金融创新研究报告-重点成果_196.png	1
财通证券：养老金融系列之一：美国养老金都投些什么？_12.png-3	财通证券：养老金融系列之一：美国养老金都投些什么？_12.png	1
周期、重构、起航-2018年中国新经济创投白皮书_189.png-1	周期、重构、起航-2018年中国新经济创投白皮书_189.png	1
周期、重构、起航-2018年中国新经济创投白皮书_189.png-2	周期、重构、起航-2018年中国新经济创投白皮书_189.png	1
中国金融学会绿色金融专业委员会：2023年绿色金融创新研究报告-重点成果_130.png-2	中国金融学会绿色金融专业委员会：2023年绿色金融创新研究报告-重点成果_130.png	1
第一财经2024年7期_19.png-2	第一财经2024年7期_19.png	1
财经2023第05期_25.png-1	财经2023第05期_25.png	1
财经2023第05期_25.png-2	财经2023第05期_25.png	1
车企自研芯片加速！长城汽车旗下芯片公司“落子”南京 _ 东方财富网_2.png-2	车企自研芯片加速！长城汽车旗下芯片公司“落子”南京 _ 东方财富网_2.png	1
中国银行全球经济金融展望报告（2025年）：经济增长不确定性加大，货币政策进入降息周期_9.png-2	中国银行全球经济金融展望报告（2025年）：经济增长不确定性加大，货币政策进入降息周期_9.png	1
2021年的全球经济与中国经济_6.png-3	2021年的全球经济与中国经济_6.png	1
第一财经2023年1-2期_138.png-1	第一财经2023年1-2期_138.png	1
第一财经2024年11期_87.png-3	第一财经2024年11期_87.png	1
中国共享经济发展年度报告（2019）_20.png-1	中国共享经济发展年度报告（2019）_20.png	1
中国共享经济发展年度报告（2019）_20.png-2	中国共享经济发展年度报告（2019）_20.png	1
中国银行中国经济金融展望报告（2025年）：增量政策加力显效，推动经济“V”型反转_59.png-1	中国银行中国经济金融展望报告（2025年）：增量政策加力显效，推动经济“V”型反转_59.png	1
中国银行中国经济金融展望报告（2025年）：增量政策加力显效，推动经济“V”型反转_59.png-3	中国银行中国经济金融展望报告（2025年）：增量政策加力显效，推动经济“V”型反转_59.png	1
第一财经2024年4期_80.png-2	第一财经2024年4期_80.png	1
低空经济元年已至，扬帆但信风_41.png-3	低空经济元年已至，扬帆但信风_41.png	1
12月需求创新高2024年智驾迎拐点比亚迪发力_9.png-2	12月需求创新高2024年智驾迎拐点比亚迪发力_9.png	1
财经2024年7期_32.png-3	财经2024年7期_32.png	1
财经2023第06期_99.png-1	财经2023第06期_99.png	1
财经2023第06期_99.png-2	财经2023第06期_99.png	1
中国人民大学国际货币研究所：中国财富管理行业趋势报告（2024上）_43.png-1	中国人民大学国际货币研究所：中国财富管理行业趋势报告（2024上）_43.png	1
中国银行中国经济金融展望报告（2025年）：增量政策加力显效，推动经济“V”型反转_66.png-1	中国银行中国经济金融展望报告（2025年）：增量政策加力显效，推动经济“V”型反转_66.png	1
68家券商今年发债1.31万亿 同比下降12% 融资需求因何下降？ _ 东方财富网_1.png-2	68家券商今年发债1.31万亿 同比下降12% 融资需求因何下降？ _ 东方财富网_1.png	1
第一财经2023年12期_148.png-2	第一财经2023年12期_148.png	1
中国数字经济发展白皮书_54.png-1	中国数字经济发展白皮书_54.png	1
中国数字经济发展白皮书_54.png-2	中国数字经济发展白皮书_54.png	1
中国数字经济发展白皮书_54.png-3	中国数字经济发展白皮书_54.png	1
财通证券：养老金融系列之一：美国养老金都投些什么？_9.png-1	财通证券：养老金融系列之一：美国养老金都投些什么？_9.png	1
财通证券：养老金融系列之一：美国养老金都投些什么？_9.png-2	财通证券：养老金融系列之一：美国养老金都投些什么？_9.png	1
财通证券：养老金融系列之一：美国养老金都投些什么？_9.png-3	财通证券：养老金融系列之一：美国养老金都投些什么？_9.png	1
中国银行中国经济金融展望报告（2025年）：增量政策加力显效，推动经济“V”型反转_61.png-1	中国银行中国经济金融展望报告（2025年）：增量政策加力显效，推动经济“V”型反转_61.png	1
中国银行中国经济金融展望报告（2025年）：增量政策加力显效，推动经济“V”型反转_61.png-2	中国银行中国经济金融展望报告（2025年）：增量政策加力显效，推动经济“V”型反转_61.png	1
中国银行中国经济金融展望报告（2025年）：增量政策加力显效，推动经济“V”型反转_61.png-3	中国银行中国经济金融展望报告（2025年）：增量政策加力显效，推动经济“V”型反转_61.png	1
中国数字经济发展白皮书_25.png-1	中国数字经济发展白皮书_25.png	1
《宏观观察》2023年第16期：2022年人民币汇率走势回顾及2023年展望_4.png-3	《宏观观察》2023年第16期：2022年人民币汇率走势回顾及2023年展望_4.png	1
中国数字经济发展白皮书_31.png-3	中国数字经济发展白皮书_31.png	1
浦银国际证券：SPDBI中国股市资金全景图2022年4月刊：资金流周期底部，继续看多中国股票_11.png-1	浦银国际证券：SPDBI中国股市资金全景图2022年4月刊：资金流周期底部，继续看多中国股票_11.png	1
2020年中国地摊经济行业研究报告_48.png-3	2020年中国地摊经济行业研究报告_48.png	1
澳门金融管理局：2024年澳门特别行政区-数字澳门元白皮书_17.png-1	澳门金融管理局：2024年澳门特别行政区-数字澳门元白皮书_17.png	1
《宏观观察》2024年第53期：美国大选结果对我国芯片产业发展的影响和应对建议_6.png-3	《宏观观察》2024年第53期：美国大选结果对我国芯片产业发展的影响和应对建议_6.png	1
财经2024年9期_32.png-2	财经2024年9期_32.png	1
毕马威：2024年二、三季度资产证券化季刊_22.png-3	毕马威：2024年二、三季度资产证券化季刊_22.png	1
全球数字经济白皮书——疫情冲击下的复苏新曙光_68.png-2	全球数字经济白皮书——疫情冲击下的复苏新曙光_68.png	1
全球数字经济白皮书——疫情冲击下的复苏新曙光_68.png-3	全球数字经济白皮书——疫情冲击下的复苏新曙光_68.png	1
中国绿色金融研究报告（2024）_43.png-2	中国绿色金融研究报告（2024）_43.png	1
第一财经2024年11期_97.png-2	第一财经2024年11期_97.png	1
思看科技(杭州)股份有限公司科创板IPO上市招股说明书_368.png-1	思看科技(杭州)股份有限公司科创板IPO上市招股说明书_368.png	1
思看科技(杭州)股份有限公司科创板IPO上市招股说明书_368.png-2	思看科技(杭州)股份有限公司科创板IPO上市招股说明书_368.png	1
思看科技(杭州)股份有限公司科创板IPO上市招股说明书_368.png-3	思看科技(杭州)股份有限公司科创板IPO上市招股说明书_368.png	1
【研报推荐】原油期货价格上涨；欧美天然气期货价格大幅下跌；美国电价下跌_9.png-3	【研报推荐】原油期货价格上涨；欧美天然气期货价格大幅下跌；美国电价下跌_9.png	1
中国银行中国经济金融展望报告（2025年）：增量政策加力显效，推动经济“V”型反转_14.png-1	中国银行中国经济金融展望报告（2025年）：增量政策加力显效，推动经济“V”型反转_14.png	1
2024年A股IPO减速！募资额创近十年新低 最赚钱新股出炉 _ 东方财富网_8.png-2	2024年A股IPO减速！募资额创近十年新低 最赚钱新股出炉 _ 东方财富网_8.png	1
2024年A股IPO减速！募资额创近十年新低 最赚钱新股出炉 _ 东方财富网_8.png-3	2024年A股IPO减速！募资额创近十年新低 最赚钱新股出炉 _ 东方财富网_8.png	1
财经2024年6期_114.png-1	财经2024年6期_114.png	1
财经2024年6期_114.png-2	财经2024年6期_114.png	1
财经2024年6期_114.png-3	财经2024年6期_114.png	1
财经2023第03期_11.png-1	财经2023第03期_11.png	1
财经2024年2期_89.png-1	财经2024年2期_89.png	1
思看科技(杭州)股份有限公司科创板IPO上市招股说明书_25.png-2	思看科技(杭州)股份有限公司科创板IPO上市招股说明书_25.png	1
思看科技(杭州)股份有限公司科创板IPO上市招股说明书_25.png-3	思看科技(杭州)股份有限公司科创板IPO上市招股说明书_25.png	1
远东资信：《远东信用观察》2024年第2期_130.png-1	远东资信：《远东信用观察》2024年第2期_130.png	1
远东资信：《远东信用观察》2024年第2期_130.png-2	远东资信：《远东信用观察》2024年第2期_130.png	1
中国数字经济发展与就业白皮书+（2018年）_24.png-1	中国数字经济发展与就业白皮书+（2018年）_24.png	1
中国数字经济发展与就业白皮书+（2018年）_24.png-2	中国数字经济发展与就业白皮书+（2018年）_24.png	1
第一财经2024年1期_14.png-2	第一财经2024年1期_14.png	1
财经2024年6期_98.png-1	财经2024年6期_98.png	1
财经2024年6期_98.png-2	财经2024年6期_98.png	1
2020年疫情下中国新经济产业投资研究报告_10.png-2	2020年疫情下中国新经济产业投资研究报告_10.png	1
宏观半年报：2023年上半年经济形势分析及下半年展望：蹒跚复苏，关山可越_8.png-2	宏观半年报：2023年上半年经济形势分析及下半年展望：蹒跚复苏，关山可越_8.png	1
宏观半年报：2023年上半年经济形势分析及下半年展望：蹒跚复苏，关山可越_8.png-3	宏观半年报：2023年上半年经济形势分析及下半年展望：蹒跚复苏，关山可越_8.png	1
财经2023第01期_79.png-3	财经2023第01期_79.png	1
国家低空经济融创中心：中国上市及新三板挂牌公司低空经济发展报告（2024）_241.png-1	国家低空经济融创中心：中国上市及新三板挂牌公司低空经济发展报告（2024）_241.png	1
2022第二季度中国货币政策执行报告_52.png-1	2022第二季度中国货币政策执行报告_52.png	1
2022第二季度中国货币政策执行报告_52.png-2	2022第二季度中国货币政策执行报告_52.png	1
第一财经2024年10期_18.png-2	第一财经2024年10期_18.png	1
第一财经2024年10期_18.png-3	第一财经2024年10期_18.png	1
中国数字经济发展白皮书_32.png-1	中国数字经济发展白皮书_32.png	1
中国数字经济发展白皮书_32.png-2	中国数字经济发展白皮书_32.png	1
中国数字经济发展白皮书_32.png-3	中国数字经济发展白皮书_32.png	1
第一财经2023年8期_99.png-1	第一财经2023年8期_99.png	1
第一财经2023年8期_99.png-2	第一财经2023年8期_99.png	1
第一财经2023年8期_99.png-3	第一财经2023年8期_99.png	1
中国数字经济发展白皮书_3.png-1	中国数字经济发展白皮书_3.png	1
中国数字经济发展白皮书_3.png-2	中国数字经济发展白皮书_3.png	1
中国银行全球经济金融展望报告（2025年）：经济增长不确定性加大，货币政策进入降息周期_7.png-1	中国银行全球经济金融展望报告（2025年）：经济增长不确定性加大，货币政策进入降息周期_7.png	1
中国银行全球经济金融展望报告（2025年）：经济增长不确定性加大，货币政策进入降息周期_7.png-2	中国银行全球经济金融展望报告（2025年）：经济增长不确定性加大，货币政策进入降息周期_7.png	1
中国金融学会绿色金融专业委员会：2023年绿色金融创新研究报告-重点成果_10.png-1	中国金融学会绿色金融专业委员会：2023年绿色金融创新研究报告-重点成果_10.png	1
中国金融学会绿色金融专业委员会：2023年绿色金融创新研究报告-重点成果_10.png-2	中国金融学会绿色金融专业委员会：2023年绿色金融创新研究报告-重点成果_10.png	1
第一财经2024年5期_24.png-2	第一财经2024年5期_24.png	1
财经2024年9期_90.png-1	财经2024年9期_90.png	1
金融数字化发展联盟：2024年消费金融数字化转型主题调研报告_68.png-1	金融数字化发展联盟：2024年消费金融数字化转型主题调研报告_68.png	1
中国金融学会绿色金融专业委员会：2023年绿色金融创新研究报告-重点成果_161.png-3	中国金融学会绿色金融专业委员会：2023年绿色金融创新研究报告-重点成果_161.png	1
中国金融稳定报告2016_65.png-2	中国金融稳定报告2016_65.png	1
12月需求创新高2024年智驾迎拐点比亚迪发力_multipage_21-30.png-1	12月需求创新高2024年智驾迎拐点比亚迪发力_20.png	1
12月需求创新高2024年智驾迎拐点比亚迪发力_multipage_21-30.png-1	12月需求创新高2024年智驾迎拐点比亚迪发力_21.png	1
12月需求创新高2024年智驾迎拐点比亚迪发力_multipage_21-30.png-1	12月需求创新高2024年智驾迎拐点比亚迪发力_22.png	1
12月需求创新高2024年智驾迎拐点比亚迪发力_multipage_21-30.png-1	12月需求创新高2024年智驾迎拐点比亚迪发力_23.png	1
12月需求创新高2024年智驾迎拐点比亚迪发力_multipage_21-30.png-1	12月需求创新高2024年智驾迎拐点比亚迪发力_24.png	1
中国绿色金融研究报告（2024）_multipage_171-180.png-1	中国绿色金融研究报告（2024）_172.png	1
中国绿色金融研究报告（2024）_multipage_171-180.png-1	中国绿色金融研究报告（2024）_173.png	1
中国银行业2021年上半年发展回顾与展望_multipage_101-110.png-2	中国银行业2021年上半年发展回顾与展望_2.png	1
中国银行业2021年上半年发展回顾与展望_multipage_101-110.png-2	中国银行业2021年上半年发展回顾与展望_3.png	1
中国银行业2021年上半年发展回顾与展望_multipage_101-110.png-2	中国银行业2021年上半年发展回顾与展望_4.png	1
中国银行业2021年上半年发展回顾与展望_multipage_101-110.png-3	中国银行业2021年上半年发展回顾与展望_105.png	1
中国银行业2021年上半年发展回顾与展望_multipage_101-110.png-3	中国银行业2021年上半年发展回顾与展望_106.png	1
2018中国家庭金融市场专题分析_multipage_11-20.png-1	2018中国家庭金融市场专题分析_11.png	1
2018中国家庭金融市场专题分析_multipage_11-20.png-1	2018中国家庭金融市场专题分析_12.png	1
2018中国家庭金融市场专题分析_multipage_11-20.png-1	2018中国家庭金融市场专题分析_13.png	1
2018中国家庭金融市场专题分析_multipage_11-20.png-1	2018中国家庭金融市场专题分析_14.png	1
2018中国家庭金融市场专题分析_multipage_11-20.png-1	2018中国家庭金融市场专题分析_15.png	1
2018中国家庭金融市场专题分析_multipage_11-20.png-1	2018中国家庭金融市场专题分析_16.png	1
2018中国家庭金融市场专题分析_multipage_11-20.png-4	2018中国家庭金融市场专题分析_13.png	1
2018中国家庭金融市场专题分析_multipage_11-20.png-4	2018中国家庭金融市场专题分析_15.png	1
2018中国家庭金融市场专题分析_multipage_11-20.png-5	2018中国家庭金融市场专题分析_11.png	1
2018中国家庭金融市场专题分析_multipage_11-20.png-5	2018中国家庭金融市场专题分析_12.png	1
2018中国家庭金融市场专题分析_multipage_11-20.png-5	2018中国家庭金融市场专题分析_13.png	1
2018中国家庭金融市场专题分析_multipage_11-20.png-5	2018中国家庭金融市场专题分析_14.png	1
2018中国家庭金融市场专题分析_multipage_11-20.png-5	2018中国家庭金融市场专题分析_15.png	1
2018中国家庭金融市场专题分析_multipage_11-20.png-5	2018中国家庭金融市场专题分析_16.png	1
中国工商银行股份有限公司2023年度报告_multipage_331-340.png-1	中国工商银行股份有限公司2023年度报告_331.png	1
中国工商银行股份有限公司2023年度报告_multipage_331-340.png-1	中国工商银行股份有限公司2023年度报告_332.png	1
国家低空经济融创中心：中国上市及新三板挂牌公司低空经济发展报告（2024）_multipage_191-200.png-2	国家低空经济融创中心：中国上市及新三板挂牌公司低空经济发展报告（2024）_191.png	1
国家低空经济融创中心：中国上市及新三板挂牌公司低空经济发展报告（2024）_multipage_191-200.png-2	国家低空经济融创中心：中国上市及新三板挂牌公司低空经济发展报告（2024）_195.png	1
国家低空经济融创中心：中国上市及新三板挂牌公司低空经济发展报告（2024）_multipage_191-200.png-3	国家低空经济融创中心：中国上市及新三板挂牌公司低空经济发展报告（2024）_3.png	1
国家低空经济融创中心：中国上市及新三板挂牌公司低空经济发展报告（2024）_multipage_191-200.png-3	国家低空经济融创中心：中国上市及新三板挂牌公司低空经济发展报告（2024）_7.png	1
货币市场日报：12月16日 - 中国金融信息网_multipage_1-4.png-1	货币市场日报：12月16日 - 中国金融信息网_1.png	1
货币市场日报：12月16日 - 中国金融信息网_multipage_1-4.png-1	货币市场日报：12月16日 - 中国金融信息网_2.png	1
2022年度上市银行预期信用风险损失披露情况分析_multipage_1-10.png-5	2022年度上市银行预期信用风险损失披露情况分析_3.png	1
2022年度上市银行预期信用风险损失披露情况分析_multipage_1-10.png-5	2022年度上市银行预期信用风险损失披露情况分析_4.png	1
中国银行区域经济金融展望报告（2024年第4季度）：长三角对全国经济贡献度上升，全年有望延续平稳发展态势_multipage_1-10.png-1	中国银行区域经济金融展望报告（2024年第4季度）：长三角对全国经济贡献度上升，全年有望延续平稳发展态势_1.png	1
中国银行区域经济金融展望报告（2024年第4季度）：长三角对全国经济贡献度上升，全年有望延续平稳发展态势_multipage_1-10.png-1	中国银行区域经济金融展望报告（2024年第4季度）：长三角对全国经济贡献度上升，全年有望延续平稳发展态势_3.png	1
中国银行区域经济金融展望报告（2024年第4季度）：长三角对全国经济贡献度上升，全年有望延续平稳发展态势_multipage_1-10.png-1	中国银行区域经济金融展望报告（2024年第4季度）：长三角对全国经济贡献度上升，全年有望延续平稳发展态势_4.png	1
中国银行区域经济金融展望报告（2024年第4季度）：长三角对全国经济贡献度上升，全年有望延续平稳发展态势_multipage_1-10.png-1	中国银行区域经济金融展望报告（2024年第4季度）：长三角对全国经济贡献度上升，全年有望延续平稳发展态势_5.png	1
中国银行区域经济金融展望报告（2024年第4季度）：长三角对全国经济贡献度上升，全年有望延续平稳发展态势_multipage_1-10.png-1	中国银行区域经济金融展望报告（2024年第4季度）：长三角对全国经济贡献度上升，全年有望延续平稳发展态势_6.png	1
中国银行区域经济金融展望报告（2024年第4季度）：长三角对全国经济贡献度上升，全年有望延续平稳发展态势_multipage_1-10.png-1	中国银行区域经济金融展望报告（2024年第4季度）：长三角对全国经济贡献度上升，全年有望延续平稳发展态势_7.png	1
中国银行区域经济金融展望报告（2024年第4季度）：长三角对全国经济贡献度上升，全年有望延续平稳发展态势_multipage_1-10.png-1	中国银行区域经济金融展望报告（2024年第4季度）：长三角对全国经济贡献度上升，全年有望延续平稳发展态势_8.png	1
中国银行区域经济金融展望报告（2024年第4季度）：长三角对全国经济贡献度上升，全年有望延续平稳发展态势_multipage_1-10.png-1	中国银行区域经济金融展望报告（2024年第4季度）：长三角对全国经济贡献度上升，全年有望延续平稳发展态势_9.png	1
中国银行区域经济金融展望报告（2024年第4季度）：长三角对全国经济贡献度上升，全年有望延续平稳发展态势_multipage_1-10.png-1	中国银行区域经济金融展望报告（2024年第4季度）：长三角对全国经济贡献度上升，全年有望延续平稳发展态势_10.png	1
马上消费&西南政法大学：2024年中国金融黑灰产治理研究报告_multipage_41-50.png-1	马上消费&西南政法大学：2024年中国金融黑灰产治理研究报告_39.png	1
马上消费&西南政法大学：2024年中国金融黑灰产治理研究报告_multipage_41-50.png-1	马上消费&西南政法大学：2024年中国金融黑灰产治理研究报告_40.png	1
马上消费&西南政法大学：2024年中国金融黑灰产治理研究报告_multipage_41-50.png-1	马上消费&西南政法大学：2024年中国金融黑灰产治理研究报告_41.png	1
马上消费&西南政法大学：2024年中国金融黑灰产治理研究报告_multipage_41-50.png-1	马上消费&西南政法大学：2024年中国金融黑灰产治理研究报告_42.png	1
马上消费&西南政法大学：2024年中国金融黑灰产治理研究报告_multipage_41-50.png-1	马上消费&西南政法大学：2024年中国金融黑灰产治理研究报告_43.png	1
马上消费&西南政法大学：2024年中国金融黑灰产治理研究报告_multipage_41-50.png-1	马上消费&西南政法大学：2024年中国金融黑灰产治理研究报告_44.png	1
马上消费&西南政法大学：2024年中国金融黑灰产治理研究报告_multipage_41-50.png-1	马上消费&西南政法大学：2024年中国金融黑灰产治理研究报告_45.png	1
马上消费&西南政法大学：2024年中国金融黑灰产治理研究报告_multipage_41-50.png-1	马上消费&西南政法大学：2024年中国金融黑灰产治理研究报告_46.png	1
马上消费&西南政法大学：2024年中国金融黑灰产治理研究报告_multipage_41-50.png-1	马上消费&西南政法大学：2024年中国金融黑灰产治理研究报告_47.png	1
马上消费&西南政法大学：2024年中国金融黑灰产治理研究报告_multipage_41-50.png-1	马上消费&西南政法大学：2024年中国金融黑灰产治理研究报告_48.png	1
2021-04-16__四川明星电力股份有限公司__600101__明星电力__2020年__年度报告_multipage_61-70.png-3	2021-04-16__四川明星电力股份有限公司__600101__明星电力__2020年__年度报告_67.png	1
2021-04-16__四川明星电力股份有限公司__600101__明星电力__2020年__年度报告_multipage_61-70.png-3	2021-04-16__四川明星电力股份有限公司__600101__明星电力__2020年__年度报告_68.png	1
2021-04-16__四川明星电力股份有限公司__600101__明星电力__2020年__年度报告_multipage_61-70.png-3	2021-04-16__四川明星电力股份有限公司__600101__明星电力__2020年__年度报告_69.png	1
第一财经2023年9期_multipage_41-50.png-2	第一财经2023年9期_50.png	1
第一财经2023年9期_multipage_41-50.png-2	第一财经2023年9期_51.png	1
2017-2018中国互联网金融行业舆情监测分析报告_multipage_21-30.png-1	2017-2018中国互联网金融行业舆情监测分析报告_22.png	1
2017-2018中国互联网金融行业舆情监测分析报告_multipage_21-30.png-1	2017-2018中国互联网金融行业舆情监测分析报告_23.png	1
2021中国金融科技企业首席洞察报告_multipage_21-30.png-2	2021中国金融科技企业首席洞察报告_22.png	1
2021中国金融科技企业首席洞察报告_multipage_21-30.png-2	2021中国金融科技企业首席洞察报告_23.png	1
2024年中国银行业调查报告_multipage_191-200.png-3	2024年中国银行业调查报告_196.png	1
2024年中国银行业调查报告_multipage_191-200.png-3	2024年中国银行业调查报告_197.png	1
国家低空经济融创中心：中国上市及新三板挂牌公司低空经济发展报告（2024）_multipage_291-300.png-1	国家低空经济融创中心：中国上市及新三板挂牌公司低空经济发展报告（2024）_294.png	1
国家低空经济融创中心：中国上市及新三板挂牌公司低空经济发展报告（2024）_multipage_291-300.png-1	国家低空经济融创中心：中国上市及新三板挂牌公司低空经济发展报告（2024）_295.png	1
国家低空经济融创中心：中国上市及新三板挂牌公司低空经济发展报告（2024）_multipage_291-300.png-1	国家低空经济融创中心：中国上市及新三板挂牌公司低空经济发展报告（2024）_296.png	1
国家低空经济融创中心：中国上市及新三板挂牌公司低空经济发展报告（2024）_multipage_291-300.png-1	国家低空经济融创中心：中国上市及新三板挂牌公司低空经济发展报告（2024）_297.png	1
国家低空经济融创中心：中国上市及新三板挂牌公司低空经济发展报告（2024）_multipage_291-300.png-1	国家低空经济融创中心：中国上市及新三板挂牌公司低空经济发展报告（2024）_298.png	1
国家低空经济融创中心：中国上市及新三板挂牌公司低空经济发展报告（2024）_multipage_291-300.png-1	国家低空经济融创中心：中国上市及新三板挂牌公司低空经济发展报告（2024）_299.png	1
国家低空经济融创中心：中国上市及新三板挂牌公司低空经济发展报告（2024）_multipage_291-300.png-1	国家低空经济融创中心：中国上市及新三板挂牌公司低空经济发展报告（2024）_300.png	1
国家低空经济融创中心：中国上市及新三板挂牌公司低空经济发展报告（2024）_multipage_291-300.png-1	国家低空经济融创中心：中国上市及新三板挂牌公司低空经济发展报告（2024）_301.png	1
中国金融学会绿色金融专业委员会：2023年绿色金融创新研究报告-重点成果_multipage_161-170.png-2	中国金融学会绿色金融专业委员会：2023年绿色金融创新研究报告-重点成果_164.png	1
中国金融学会绿色金融专业委员会：2023年绿色金融创新研究报告-重点成果_multipage_161-170.png-2	中国金融学会绿色金融专业委员会：2023年绿色金融创新研究报告-重点成果_165.png	1
中国银行股份有限公司2024年半年度报告_multipage_61-70.png-4	中国银行股份有限公司2024年半年度报告_61.png	1
中国银行股份有限公司2024年半年度报告_multipage_61-70.png-4	中国银行股份有限公司2024年半年度报告_62.png	1
中国工商银行股份有限公司2023年度报告_multipage_41-50.png-4	中国工商银行股份有限公司2023年度报告_46.png	1
中国工商银行股份有限公司2023年度报告_multipage_41-50.png-4	中国工商银行股份有限公司2023年度报告_50.png	1
2021年的全球经济与中国经济_multipage_11-20.png-5	2021年的全球经济与中国经济_11.png	1
2021年的全球经济与中国经济_multipage_11-20.png-5	2021年的全球经济与中国经济_12.png	1
2021年的全球经济与中国经济_multipage_11-20.png-5	2021年的全球经济与中国经济_13.png	1
2021年的全球经济与中国经济_multipage_11-20.png-5	2021年的全球经济与中国经济_14.png	1
2021年的全球经济与中国经济_multipage_11-20.png-5	2021年的全球经济与中国经济_15.png	1
2021年的全球经济与中国经济_multipage_11-20.png-5	2021年的全球经济与中国经济_16.png	1
2021年的全球经济与中国经济_multipage_11-20.png-5	2021年的全球经济与中国经济_17.png	1
2021年的全球经济与中国经济_multipage_11-20.png-5	2021年的全球经济与中国经济_18.png	1
2021年的全球经济与中国经济_multipage_11-20.png-5	2021年的全球经济与中国经济_19.png	1
2021年的全球经济与中国经济_multipage_11-20.png-5	2021年的全球经济与中国经济_20.png	1
中国县域工业经济发展报告_multipage_21-30.png-3	中国县域工业经济发展报告_25.png	1
中国县域工业经济发展报告_multipage_21-30.png-3	中国县域工业经济发展报告_26.png	1
国有公司溢价：来自中国上市公司的证据_multipage_1-10.png-3	国有公司溢价：来自中国上市公司的证据_1.png	1
国有公司溢价：来自中国上市公司的证据_multipage_1-10.png-3	国有公司溢价：来自中国上市公司的证据_2.png	1
中国金融学会绿色金融专业委员会：2023年绿色金融创新研究报告-重点成果_multipage_41-50.png-1	中国金融学会绿色金融专业委员会：2023年绿色金融创新研究报告-重点成果_1.png	1
中国金融学会绿色金融专业委员会：2023年绿色金融创新研究报告-重点成果_multipage_41-50.png-1	中国金融学会绿色金融专业委员会：2023年绿色金融创新研究报告-重点成果_2.png	1
财经2023第05期_multipage_31-35.png-2	财经2023第05期_1.png	1
财经2023第05期_multipage_31-35.png-2	财经2023第05期_4.png	1
财经2023第05期_multipage_31-35.png-5	财经2023第05期_32.png	1
财经2023第05期_multipage_31-35.png-5	财经2023第05期_33.png	1
财经2023第05期_multipage_31-35.png-5	财经2023第05期_34.png	1
财经2023第05期_multipage_31-35.png-5	财经2023第05期_35.png	1
中国工商银行股份有限公司2023年度报告_multipage_231-240.png-1	中国工商银行股份有限公司2023年度报告_231.png	1
中国工商银行股份有限公司2023年度报告_multipage_231-240.png-1	中国工商银行股份有限公司2023年度报告_232.png	1
中国工商银行股份有限公司2023年度报告_multipage_231-240.png-1	中国工商银行股份有限公司2023年度报告_233.png	1
2021中国数字经济50条判断_multipage_61-70.png-1	2021中国数字经济50条判断_61.png	1
2021中国数字经济50条判断_multipage_61-70.png-1	2021中国数字经济50条判断_62.png	1
2021中国数字经济50条判断_multipage_61-70.png-1	2021中国数字经济50条判断_63.png	1
思看科技(杭州)股份有限公司科创板IPO上市招股说明书_multipage_351-360.png-3	思看科技(杭州)股份有限公司科创板IPO上市招股说明书_355.png	1
思看科技(杭州)股份有限公司科创板IPO上市招股说明书_multipage_351-360.png-3	思看科技(杭州)股份有限公司科创板IPO上市招股说明书_365.png	1
财经2023第05期_multipage_66-70.png-3	财经2023第05期_67.png	1
财经2023第05期_multipage_66-70.png-3	财经2023第05期_68.png	1
财经2023第05期_multipage_66-70.png-3	财经2023第05期_69.png	1
中国智能+银行市场专题分析2020_multipage_11-20.png-1	中国智能+银行市场专题分析2020_11.png	1
中国智能+银行市场专题分析2020_multipage_11-20.png-1	中国智能+银行市场专题分析2020_12.png	1
中国智能+银行市场专题分析2020_multipage_11-20.png-1	中国智能+银行市场专题分析2020_13.png	1
中国智能+银行市场专题分析2020_multipage_11-20.png-1	中国智能+银行市场专题分析2020_14.png	1
中国智能+银行市场专题分析2020_multipage_11-20.png-1	中国智能+银行市场专题分析2020_15.png	1
中国智能+银行市场专题分析2020_multipage_11-20.png-1	中国智能+银行市场专题分析2020_16.png	1
《宏观观察》2023年第28期：我国跨境资本流动新态势、展望及影响_multipage_1-10.png-2	《宏观观察》2023年第28期：我国跨境资本流动新态势、展望及影响_3.png	1
《宏观观察》2023年第28期：我国跨境资本流动新态势、展望及影响_multipage_1-10.png-2	《宏观观察》2023年第28期：我国跨境资本流动新态势、展望及影响_4.png	1
《宏观观察》2023年第28期：我国跨境资本流动新态势、展望及影响_multipage_1-10.png-2	《宏观观察》2023年第28期：我国跨境资本流动新态势、展望及影响_5.png	1
《宏观观察》2023年第28期：我国跨境资本流动新态势、展望及影响_multipage_1-10.png-2	《宏观观察》2023年第28期：我国跨境资本流动新态势、展望及影响_6.png	1
中国工商银行股份有限公司2023年度报告_multipage_201-210.png-2	中国工商银行股份有限公司2023年度报告_208.png	1
中国工商银行股份有限公司2023年度报告_multipage_201-210.png-2	中国工商银行股份有限公司2023年度报告_209.png	1
中国工商银行股份有限公司2023年度报告_multipage_71-80.png-1	中国工商银行股份有限公司2023年度报告_70.png	1
中国工商银行股份有限公司2023年度报告_multipage_71-80.png-1	中国工商银行股份有限公司2023年度报告_71.png	1
中国工商银行股份有限公司2023年度报告_multipage_71-80.png-1	中国工商银行股份有限公司2023年度报告_72.png	1
中国工商银行股份有限公司2023年度报告_multipage_71-80.png-5	中国工商银行股份有限公司2023年度报告_74.png	1
中国工商银行股份有限公司2023年度报告_multipage_71-80.png-5	中国工商银行股份有限公司2023年度报告_76.png	1
区域经济金融展望报告（长三角）2024年第4期 ：以稳促进 更好发挥长三角对全国经济的引领示范作用_multipage_31-40.png-2	区域经济金融展望报告（长三角）2024年第4期 ：以稳促进 更好发挥长三角对全国经济的引领示范作用_29.png	1
区域经济金融展望报告（长三角）2024年第4期 ：以稳促进 更好发挥长三角对全国经济的引领示范作用_multipage_31-40.png-2	区域经济金融展望报告（长三角）2024年第4期 ：以稳促进 更好发挥长三角对全国经济的引领示范作用_30.png	1
区域经济金融展望报告（长三角）2024年第4期 ：以稳促进 更好发挥长三角对全国经济的引领示范作用_multipage_31-40.png-3	区域经济金融展望报告（长三角）2024年第4期 ：以稳促进 更好发挥长三角对全国经济的引领示范作用_38.png	1
区域经济金融展望报告（长三角）2024年第4期 ：以稳促进 更好发挥长三角对全国经济的引领示范作用_multipage_31-40.png-3	区域经济金融展望报告（长三角）2024年第4期 ：以稳促进 更好发挥长三角对全国经济的引领示范作用_39.png	1
区域经济金融展望报告（长三角）2024年第4期 ：以稳促进 更好发挥长三角对全国经济的引领示范作用_multipage_31-40.png-3	区域经济金融展望报告（长三角）2024年第4期 ：以稳促进 更好发挥长三角对全国经济的引领示范作用_40.png	1
中国金融稳定报告2016_multipage_151-160.png-2	中国金融稳定报告2016_157.png	1
中国金融稳定报告2016_multipage_151-160.png-2	中国金融稳定报告2016_158.png	1
中国金融稳定报告2016_multipage_151-160.png-2	中国金融稳定报告2016_159.png	1
中国金融稳定报告2016_multipage_151-160.png-2	中国金融稳定报告2016_160.png	1
【财经分析】日本央行按兵不动：市场寻找加息线索 日元面临新风险 - 中国金融信息网_multipage_1-3.png-3	【财经分析】日本央行按兵不动：市场寻找加息线索 日元面临新风险 - 中国金融信息网_1.png	1
【财经分析】日本央行按兵不动：市场寻找加息线索 日元面临新风险 - 中国金融信息网_multipage_1-3.png-3	【财经分析】日本央行按兵不动：市场寻找加息线索 日元面临新风险 - 中国金融信息网_2.png	1
中国金融稳定报告2017_multipage_21-30.png-2	中国金融稳定报告2017_9.png	1
中国金融稳定报告2017_multipage_21-30.png-2	中国金融稳定报告2017_10.png	1
中国银行全球银行业展望报告（2025年）：新政策环境下银行业发展新趋势_multipage_1-10.png-1	中国银行全球银行业展望报告（2025年）：新政策环境下银行业发展新趋势_2.png	1
中国银行全球银行业展望报告（2025年）：新政策环境下银行业发展新趋势_multipage_1-10.png-1	中国银行全球银行业展望报告（2025年）：新政策环境下银行业发展新趋势_3.png	1
中国货币政策执行报告2022年第一季度_multipage_1-10.png-3	中国货币政策执行报告2022年第一季度_10.png	1
中国货币政策执行报告2022年第一季度_multipage_1-10.png-3	中国货币政策执行报告2022年第一季度_11.png	1
第一财经2024年6期_multipage_51-60.png-1	第一财经2024年6期_56.png	1
第一财经2024年6期_multipage_51-60.png-1	第一财经2024年6期_60.png	1
转型中的中东经济——中国与中东经贸合作前景广阔_multipage_1-10.png-2	转型中的中东经济——中国与中东经贸合作前景广阔_5.png	1
转型中的中东经济——中国与中东经贸合作前景广阔_multipage_1-10.png-2	转型中的中东经济——中国与中东经贸合作前景广阔_6.png	1
转型中的中东经济——中国与中东经贸合作前景广阔_multipage_1-10.png-2	转型中的中东经济——中国与中东经贸合作前景广阔_7.png	1
转型中的中东经济——中国与中东经贸合作前景广阔_multipage_1-10.png-2	转型中的中东经济——中国与中东经贸合作前景广阔_8.png	1
转型中的中东经济——中国与中东经贸合作前景广阔_multipage_1-10.png-2	转型中的中东经济——中国与中东经贸合作前景广阔_9.png	1
转型中的中东经济——中国与中东经贸合作前景广阔_multipage_1-10.png-2	转型中的中东经济——中国与中东经贸合作前景广阔_10.png	1
转型中的中东经济——中国与中东经贸合作前景广阔_multipage_1-10.png-2	转型中的中东经济——中国与中东经贸合作前景广阔_11.png	1
中国数字经济发展与就业白皮书+（2018年）_multipage_11-20.png-3	中国数字经济发展与就业白皮书+（2018年）_17.png	1
中国数字经济发展与就业白皮书+（2018年）_multipage_11-20.png-3	中国数字经济发展与就业白皮书+（2018年）_18.png	1
2024年中国银行业调查报告_multipage_111-120.png-2	2024年中国银行业调查报告_113.png	1
2024年中国银行业调查报告_multipage_111-120.png-2	2024年中国银行业调查报告_114.png	1
2018中国家庭金融市场专题分析_multipage_1-10.png-1	2018中国家庭金融市场专题分析_1.png	1
2018中国家庭金融市场专题分析_multipage_1-10.png-1	2018中国家庭金融市场专题分析_3.png	1
2018中国家庭金融市场专题分析_multipage_1-10.png-1	2018中国家庭金融市场专题分析_4.png	1
2018中国家庭金融市场专题分析_multipage_1-10.png-1	2018中国家庭金融市场专题分析_5.png	1
2018中国家庭金融市场专题分析_multipage_1-10.png-1	2018中国家庭金融市场专题分析_6.png	1
2018中国家庭金融市场专题分析_multipage_1-10.png-1	2018中国家庭金融市场专题分析_7.png	1
2018中国家庭金融市场专题分析_multipage_1-10.png-1	2018中国家庭金融市场专题分析_8.png	1
2018中国家庭金融市场专题分析_multipage_1-10.png-1	2018中国家庭金融市场专题分析_9.png	1
中国金融科技专题分析2020_multipage_36-37.png-3	中国金融科技专题分析2020_36.png	1
中国金融科技专题分析2020_multipage_36-37.png-3	中国金融科技专题分析2020_37.png	1
中国金融科技专题分析2020_multipage_1-10.png-3	中国金融科技专题分析2020_8.png	1
中国金融科技专题分析2020_multipage_1-10.png-3	中国金融科技专题分析2020_10.png	1
中国金融科技专题分析2020_multipage_1-10.png-4	中国金融科技专题分析2020_8.png	1
中国金融科技专题分析2020_multipage_1-10.png-4	中国金融科技专题分析2020_9.png	1
中国汽车金融市场数字化发展专题分析2019_multipage_1-10.png-2	中国汽车金融市场数字化发展专题分析2019_5.png	1
中国汽车金融市场数字化发展专题分析2019_multipage_1-10.png-2	中国汽车金融市场数字化发展专题分析2019_6.png	1
中国汽车金融市场数字化发展专题分析2019_multipage_1-10.png-1	中国汽车金融市场数字化发展专题分析2019_9.png	1
中国汽车金融市场数字化发展专题分析2019_multipage_1-10.png-1	中国汽车金融市场数字化发展专题分析2019_10.png	1
中国汽车金融市场数字化发展专题分析2019_multipage_1-10.png-3	中国汽车金融市场数字化发展专题分析2019_9.png	1
中国汽车金融市场数字化发展专题分析2019_multipage_1-10.png-3	中国汽车金融市场数字化发展专题分析2019_10.png	1
财通证券：养老金融系列之一：美国养老金都投些什么？_multipage_21-30.png-2	财通证券：养老金融系列之一：美国养老金都投些什么？_23.png	1
财通证券：养老金融系列之一：美国养老金都投些什么？_multipage_21-30.png-2	财通证券：养老金融系列之一：美国养老金都投些什么？_24.png	1
第一财经2023年11期_multipage_41-50.png-3	第一财经2023年11期_41.png	1
第一财经2023年11期_multipage_41-50.png-3	第一财经2023年11期_42.png	1
第一财经2023年11期_multipage_41-50.png-3	第一财经2023年11期_43.png	1
中证指数：2020全球上市中国股票概览_multipage_1-11.png-1	中证指数：2020全球上市中国股票概览_3.png	1
中证指数：2020全球上市中国股票概览_multipage_1-11.png-1	中证指数：2020全球上市中国股票概览_4.png	1
中证指数：2020全球上市中国股票概览_multipage_1-11.png-2	中证指数：2020全球上市中国股票概览_4.png	1
中证指数：2020全球上市中国股票概览_multipage_1-11.png-2	中证指数：2020全球上市中国股票概览_5.png	1
中证指数：2020全球上市中国股票概览_multipage_1-11.png-2	中证指数：2020全球上市中国股票概览_6.png	1
中证指数：2020全球上市中国股票概览_multipage_1-11.png-3	中证指数：2020全球上市中国股票概览_6.png	1
中证指数：2020全球上市中国股票概览_multipage_1-11.png-3	中证指数：2020全球上市中国股票概览_7.png	1
中证指数：2020全球上市中国股票概览_multipage_1-11.png-3	中证指数：2020全球上市中国股票概览_8.png	1
中证指数：2020全球上市中国股票概览_multipage_1-11.png-4	中证指数：2020全球上市中国股票概览_8.png	1
中证指数：2020全球上市中国股票概览_multipage_1-11.png-4	中证指数：2020全球上市中国股票概览_9.png	1
中证指数：2020全球上市中国股票概览_multipage_21-29.png-1	中证指数：2020全球上市中国股票概览_21.png	1
中证指数：2020全球上市中国股票概览_multipage_21-29.png-1	中证指数：2020全球上市中国股票概览_22.png	1
中证指数：2020全球上市中国股票概览_multipage_21-29.png-1	中证指数：2020全球上市中国股票概览_23.png	1
2024年中国银行业调查报告_multipage_181-190.png-1	2024年中国银行业调查报告_182.png	1
2024年中国银行业调查报告_multipage_181-190.png-1	2024年中国银行业调查报告_183.png	1
2024年中国银行业调查报告_multipage_181-190.png-1	2024年中国银行业调查报告_184.png	1
2024年中国银行业调查报告_multipage_181-190.png-1	2024年中国银行业调查报告_185.png	1
国家低空经济融创中心：中国上市及新三板挂牌公司低空经济发展报告（2024）_multipage_91-100.png-1	国家低空经济融创中心：中国上市及新三板挂牌公司低空经济发展报告（2024）_91.png	1
国家低空经济融创中心：中国上市及新三板挂牌公司低空经济发展报告（2024）_multipage_91-100.png-1	国家低空经济融创中心：中国上市及新三板挂牌公司低空经济发展报告（2024）_92.png	1
国家低空经济融创中心：中国上市及新三板挂牌公司低空经济发展报告（2024）_multipage_91-100.png-1	国家低空经济融创中心：中国上市及新三板挂牌公司低空经济发展报告（2024）_99.png	1
国家低空经济融创中心：中国上市及新三板挂牌公司低空经济发展报告（2024）_multipage_91-100.png-1	国家低空经济融创中心：中国上市及新三板挂牌公司低空经济发展报告（2024）_100.png	1
国家低空经济融创中心：中国上市及新三板挂牌公司低空经济发展报告（2024）_multipage_91-100.png-2	国家低空经济融创中心：中国上市及新三板挂牌公司低空经济发展报告（2024）_91.png	1
国家低空经济融创中心：中国上市及新三板挂牌公司低空经济发展报告（2024）_multipage_91-100.png-2	国家低空经济融创中心：中国上市及新三板挂牌公司低空经济发展报告（2024）_98.png	1
国家低空经济融创中心：中国上市及新三板挂牌公司低空经济发展报告（2024）_multipage_91-100.png-2	国家低空经济融创中心：中国上市及新三板挂牌公司低空经济发展报告（2024）_99.png	1
国家低空经济融创中心：中国上市及新三板挂牌公司低空经济发展报告（2024）_multipage_91-100.png-2	国家低空经济融创中心：中国上市及新三板挂牌公司低空经济发展报告（2024）_103.png	1
国家低空经济融创中心：中国上市及新三板挂牌公司低空经济发展报告（2024）_multipage_91-100.png-2	国家低空经济融创中心：中国上市及新三板挂牌公司低空经济发展报告（2024）_104.png	1
国家低空经济融创中心：中国上市及新三板挂牌公司低空经济发展报告（2024）_multipage_91-100.png-3	国家低空经济融创中心：中国上市及新三板挂牌公司低空经济发展报告（2024）_91.png	1
国家低空经济融创中心：中国上市及新三板挂牌公司低空经济发展报告（2024）_multipage_91-100.png-3	国家低空经济融创中心：中国上市及新三板挂牌公司低空经济发展报告（2024）_98.png	1
国家低空经济融创中心：中国上市及新三板挂牌公司低空经济发展报告（2024）_multipage_91-100.png-3	国家低空经济融创中心：中国上市及新三板挂牌公司低空经济发展报告（2024）_99.png	1
国家低空经济融创中心：中国上市及新三板挂牌公司低空经济发展报告（2024）_multipage_91-100.png-3	国家低空经济融创中心：中国上市及新三板挂牌公司低空经济发展报告（2024）_103.png	1
国家低空经济融创中心：中国上市及新三板挂牌公司低空经济发展报告（2024）_multipage_91-100.png-3	国家低空经济融创中心：中国上市及新三板挂牌公司低空经济发展报告（2024）_104.png	1
存款利率上调！什么情况？ - 中国金融信息网_multipage_1-3.png-1	存款利率上调！什么情况？ - 中国金融信息网_1.png	1
存款利率上调！什么情况？ - 中国金融信息网_multipage_1-3.png-1	存款利率上调！什么情况？ - 中国金融信息网_2.png	1
第一财经2024年6期_multipage_21-30.png-3	第一财经2024年6期_22.png	1
第一财经2024年6期_multipage_21-30.png-3	第一财经2024年6期_23.png	1
第一财经2024年6期_multipage_21-30.png-3	第一财经2024年6期_24.png	1
第一财经2024年6期_multipage_21-30.png-3	第一财经2024年6期_25.png	1
第一财经2024年6期_multipage_21-30.png-3	第一财经2024年6期_26.png	1
第一财经2024年6期_multipage_21-30.png-3	第一财经2024年6期_27.png	1
第一财经2024年6期_multipage_21-30.png-3	第一财经2024年6期_28.png	1
第一财经2024年6期_multipage_21-30.png-3	第一财经2024年6期_29.png	1
中国证券投资基金业协会：《声音》2024年第11期专题征文之十：基金投顾费率机制优化探讨（二）_multipage_1-10.png-1	中国证券投资基金业协会：《声音》2024年第11期专题征文之十：基金投顾费率机制优化探讨（二）_1.png	1
中国证券投资基金业协会：《声音》2024年第11期专题征文之十：基金投顾费率机制优化探讨（二）_multipage_1-10.png-1	中国证券投资基金业协会：《声音》2024年第11期专题征文之十：基金投顾费率机制优化探讨（二）_2.png	1
中国证券投资基金业协会：《声音》2024年第11期专题征文之十：基金投顾费率机制优化探讨（二）_multipage_1-10.png-1	中国证券投资基金业协会：《声音》2024年第11期专题征文之十：基金投顾费率机制优化探讨（二）_3.png	1
中国证券投资基金业协会：《声音》2024年第11期专题征文之十：基金投顾费率机制优化探讨（二）_multipage_1-10.png-1	中国证券投资基金业协会：《声音》2024年第11期专题征文之十：基金投顾费率机制优化探讨（二）_4.png	1
中国证券投资基金业协会：《声音》2024年第11期专题征文之十：基金投顾费率机制优化探讨（二）_multipage_1-10.png-1	中国证券投资基金业协会：《声音》2024年第11期专题征文之十：基金投顾费率机制优化探讨（二）_5.png	1
中国证券投资基金业协会：《声音》2024年第11期专题征文之十：基金投顾费率机制优化探讨（二）_multipage_1-10.png-1	中国证券投资基金业协会：《声音》2024年第11期专题征文之十：基金投顾费率机制优化探讨（二）_6.png	1
中国证券投资基金业协会：《声音》2024年第11期专题征文之十：基金投顾费率机制优化探讨（二）_multipage_1-10.png-1	中国证券投资基金业协会：《声音》2024年第11期专题征文之十：基金投顾费率机制优化探讨（二）_7.png	1
中国证券投资基金业协会：《声音》2024年第11期专题征文之十：基金投顾费率机制优化探讨（二）_multipage_1-10.png-1	中国证券投资基金业协会：《声音》2024年第11期专题征文之十：基金投顾费率机制优化探讨（二）_8.png	1
中国证券投资基金业协会：《声音》2024年第11期专题征文之十：基金投顾费率机制优化探讨（二）_multipage_1-10.png-1	中国证券投资基金业协会：《声音》2024年第11期专题征文之十：基金投顾费率机制优化探讨（二）_9.png	1
中国证券投资基金业协会：《声音》2024年第11期专题征文之十：基金投顾费率机制优化探讨（二）_multipage_1-10.png-1	中国证券投资基金业协会：《声音》2024年第11期专题征文之十：基金投顾费率机制优化探讨（二）_10.png	1
中国证券投资基金业协会：《声音》2024年第11期专题征文之十：基金投顾费率机制优化探讨（二）_multipage_1-10.png-1	中国证券投资基金业协会：《声音》2024年第11期专题征文之十：基金投顾费率机制优化探讨（二）_11.png	1
中国证券投资基金业协会：《声音》2024年第11期专题征文之十：基金投顾费率机制优化探讨（二）_multipage_1-10.png-1	中国证券投资基金业协会：《声音》2024年第11期专题征文之十：基金投顾费率机制优化探讨（二）_12.png	1
中国证券投资基金业协会：《声音》2024年第11期专题征文之十：基金投顾费率机制优化探讨（二）_multipage_1-10.png-1	中国证券投资基金业协会：《声音》2024年第11期专题征文之十：基金投顾费率机制优化探讨（二）_13.png	1
中国证券投资基金业协会：《声音》2024年第11期专题征文之十：基金投顾费率机制优化探讨（二）_multipage_1-10.png-1	中国证券投资基金业协会：《声音》2024年第11期专题征文之十：基金投顾费率机制优化探讨（二）_14.png	1
中国证券投资基金业协会：《声音》2024年第11期专题征文之十：基金投顾费率机制优化探讨（二）_multipage_1-10.png-1	中国证券投资基金业协会：《声音》2024年第11期专题征文之十：基金投顾费率机制优化探讨（二）_15.png	1
中国证券投资基金业协会：《声音》2024年第11期专题征文之十：基金投顾费率机制优化探讨（二）_multipage_1-10.png-1	中国证券投资基金业协会：《声音》2024年第11期专题征文之十：基金投顾费率机制优化探讨（二）_16.png	1
中国证券投资基金业协会：《声音》2024年第11期专题征文之十：基金投顾费率机制优化探讨（二）_multipage_1-10.png-1	中国证券投资基金业协会：《声音》2024年第11期专题征文之十：基金投顾费率机制优化探讨（二）_17.png	1
中国证券投资基金业协会：《声音》2024年第11期专题征文之十：基金投顾费率机制优化探讨（二）_multipage_1-10.png-1	中国证券投资基金业协会：《声音》2024年第11期专题征文之十：基金投顾费率机制优化探讨（二）_18.png	1
中国证券投资基金业协会：《声音》2024年第11期专题征文之十：基金投顾费率机制优化探讨（二）_multipage_1-10.png-1	中国证券投资基金业协会：《声音》2024年第11期专题征文之十：基金投顾费率机制优化探讨（二）_19.png	1
中国证券投资基金业协会：《声音》2024年第11期专题征文之十：基金投顾费率机制优化探讨（二）_multipage_1-10.png-1	中国证券投资基金业协会：《声音》2024年第11期专题征文之十：基金投顾费率机制优化探讨（二）_20.png	1
中国证券投资基金业协会：《声音》2024年第11期专题征文之十：基金投顾费率机制优化探讨（二）_multipage_1-10.png-1	中国证券投资基金业协会：《声音》2024年第11期专题征文之十：基金投顾费率机制优化探讨（二）_21.png	1
中国证券投资基金业协会：《声音》2024年第11期专题征文之十：基金投顾费率机制优化探讨（二）_multipage_1-10.png-1	中国证券投资基金业协会：《声音》2024年第11期专题征文之十：基金投顾费率机制优化探讨（二）_22.png	1
中国证券投资基金业协会：《声音》2024年第11期专题征文之十：基金投顾费率机制优化探讨（二）_multipage_1-10.png-1	中国证券投资基金业协会：《声音》2024年第11期专题征文之十：基金投顾费率机制优化探讨（二）_23.png	1
中国证券投资基金业协会：《声音》2024年第11期专题征文之十：基金投顾费率机制优化探讨（二）_multipage_1-10.png-1	中国证券投资基金业协会：《声音》2024年第11期专题征文之十：基金投顾费率机制优化探讨（二）_24.png	1
中国证券投资基金业协会：《声音》2024年第11期专题征文之十：基金投顾费率机制优化探讨（二）_multipage_1-10.png-1	中国证券投资基金业协会：《声音》2024年第11期专题征文之十：基金投顾费率机制优化探讨（二）_25.png	1
财通证券：养老金融系列之一：美国养老金都投些什么？_multipage_1-10.png-4	财通证券：养老金融系列之一：美国养老金都投些什么？_5.png	1
财通证券：养老金融系列之一：美国养老金都投些什么？_multipage_1-10.png-4	财通证券：养老金融系列之一：美国养老金都投些什么？_6.png	1
财通证券：养老金融系列之一：美国养老金都投些什么？_multipage_1-10.png-4	财通证券：养老金融系列之一：美国养老金都投些什么？_7.png	1
财通证券：养老金融系列之一：美国养老金都投些什么？_multipage_1-10.png-4	财通证券：养老金融系列之一：美国养老金都投些什么？_8.png	1
财通证券：养老金融系列之一：美国养老金都投些什么？_multipage_1-10.png-4	财通证券：养老金融系列之一：美国养老金都投些什么？_9.png	1
财通证券：养老金融系列之一：美国养老金都投些什么？_multipage_1-10.png-4	财通证券：养老金融系列之一：美国养老金都投些什么？_10.png	1
财通证券：养老金融系列之一：美国养老金都投些什么？_multipage_1-10.png-4	财通证券：养老金融系列之一：美国养老金都投些什么？_11.png	1
财通证券：养老金融系列之一：美国养老金都投些什么？_multipage_1-10.png-4	财通证券：养老金融系列之一：美国养老金都投些什么？_12.png	1
财通证券：养老金融系列之一：美国养老金都投些什么？_multipage_1-10.png-4	财通证券：养老金融系列之一：美国养老金都投些什么？_13.png	1
财通证券：养老金融系列之一：美国养老金都投些什么？_multipage_1-10.png-4	财通证券：养老金融系列之一：美国养老金都投些什么？_14.png	1
第一财经2024年12期_multipage_141-150.png-1	第一财经2024年12期_141.png	1
第一财经2024年12期_multipage_141-150.png-1	第一财经2024年12期_142.png	1
第一财经2024年12期_multipage_141-150.png-1	第一财经2024年12期_143.png	1
第一财经2024年12期_multipage_141-150.png-1	第一财经2024年12期_144.png	1
宠物经济发展趋势研究报告_multipage_1-10.png-1	宠物经济发展趋势研究报告_5.png	1
宠物经济发展趋势研究报告_multipage_1-10.png-1	宠物经济发展趋势研究报告_6.png	1
宠物经济发展趋势研究报告_multipage_1-10.png-1	宠物经济发展趋势研究报告_7.png	1
宠物经济发展趋势研究报告_multipage_1-10.png-1	宠物经济发展趋势研究报告_8.png	1
宠物经济发展趋势研究报告_multipage_1-10.png-1	宠物经济发展趋势研究报告_9.png	1
宠物经济发展趋势研究报告_multipage_1-10.png-2	宠物经济发展趋势研究报告_8.png	1
宠物经济发展趋势研究报告_multipage_1-10.png-2	宠物经济发展趋势研究报告_9.png	1
2022中国区域金融运行报告_multipage_31-40.png-2	2022中国区域金融运行报告_31.png	1
2022中国区域金融运行报告_multipage_31-40.png-2	2022中国区域金融运行报告_32.png	1
2022中国区域金融运行报告_multipage_31-40.png-2	2022中国区域金融运行报告_33.png	1
中国银行中国经济金融展望报告（2025年）：增量政策加力显效，推动经济“V”型反转_multipage_71-77.png-1	中国银行中国经济金融展望报告（2025年）：增量政策加力显效，推动经济“V”型反转_70.png	1
中国银行中国经济金融展望报告（2025年）：增量政策加力显效，推动经济“V”型反转_multipage_71-77.png-1	中国银行中国经济金融展望报告（2025年）：增量政策加力显效，推动经济“V”型反转_71.png	1
中国银行中国经济金融展望报告（2025年）：增量政策加力显效，推动经济“V”型反转_multipage_71-77.png-1	中国银行中国经济金融展望报告（2025年）：增量政策加力显效，推动经济“V”型反转_72.png	1
中国银行中国经济金融展望报告（2025年）：增量政策加力显效，推动经济“V”型反转_multipage_71-77.png-1	中国银行中国经济金融展望报告（2025年）：增量政策加力显效，推动经济“V”型反转_73.png	1
中国银行中国经济金融展望报告（2025年）：增量政策加力显效，推动经济“V”型反转_multipage_71-77.png-3	中国银行中国经济金融展望报告（2025年）：增量政策加力显效，推动经济“V”型反转_73.png	1
中国银行中国经济金融展望报告（2025年）：增量政策加力显效，推动经济“V”型反转_multipage_71-77.png-3	中国银行中国经济金融展望报告（2025年）：增量政策加力显效，推动经济“V”型反转_74.png	1
中国金融科技专题分析2020_multipage_11-20.png-1	中国金融科技专题分析2020_11.png	1
中国金融科技专题分析2020_multipage_11-20.png-1	中国金融科技专题分析2020_13.png	1
中国金融科技专题分析2020_multipage_11-20.png-1	中国金融科技专题分析2020_14.png	1
2022抖音财经内容生态报告_multipage_21-30.png-3	2022抖音财经内容生态报告_22.png	1
2022抖音财经内容生态报告_multipage_21-30.png-3	2022抖音财经内容生态报告_ 23.png	1
2022抖音财经内容生态报告_multipage_31-40.png-2	2022抖音财经内容生态报告_32.png	1
2022抖音财经内容生态报告_multipage_31-40.png-2	2022抖音财经内容生态报告_33.png	1
第一财经2024年1期_multipage_101-110.png-3	第一财经2024年1期_107.png	1
第一财经2024年1期_multipage_101-110.png-3	第一财经2024年1期_109.png	1
中国银行业数字金融生态平台最新实践报告（2020）_multipage_41-50.png-1	中国银行业数字金融生态平台最新实践报告（2020）_41.png	1
中国银行业数字金融生态平台最新实践报告（2020）_multipage_41-50.png-1	中国银行业数字金融生态平台最新实践报告（2020）_42.png	1
第一财经2023年6期_multipage_61-70.png-2	第一财经2023年6期_64.png	1
第一财经2023年6期_multipage_61-70.png-2	第一财经2023年6期_68.png	1
2021-03-23__苏州科达科技股份有限公司__603660__苏州科达__2020年__年度报告_multipage_76-77.png-1	2021-03-23__苏州科达科技股份有限公司__603660__苏州科达__2020年__年度报告_76.png	1
2021-03-23__苏州科达科技股份有限公司__603660__苏州科达__2020年__年度报告_multipage_76-77.png-1	2021-03-23__苏州科达科技股份有限公司__603660__苏州科达__2020年__年度报告_77.png	1
2021-04-16__德尔未来科技控股集团股份有限公司__002631__德尔未来__2020年__年度报告_multipage_105-107.png-2	2021-04-16__德尔未来科技控股集团股份有限公司__002631__德尔未来__2020年__年度报告_105.png	1
2021-04-16__德尔未来科技控股集团股份有限公司__002631__德尔未来__2020年__年度报告_multipage_105-107.png-2	2021-04-16__德尔未来科技控股集团股份有限公司__002631__德尔未来__2020年__年度报告_106.png	1
2021-04-16__德尔未来科技控股集团股份有限公司__002631__德尔未来__2020年__年度报告_multipage_105-107.png-2	2021-04-16__德尔未来科技控股集团股份有限公司__002631__德尔未来__2020年__年度报告_107.png	1
2021-04-16__德尔未来科技控股集团股份有限公司__002631__德尔未来__2020年__年度报告_multipage_105-108.png-3	2021-04-16__德尔未来科技控股集团股份有限公司__002631__德尔未来__2020年__年度报告_105.png	1
2021-04-16__德尔未来科技控股集团股份有限公司__002631__德尔未来__2020年__年度报告_multipage_105-108.png-3	2021-04-16__德尔未来科技控股集团股份有限公司__002631__德尔未来__2020年__年度报告_106.png	1
2021-04-16__德尔未来科技控股集团股份有限公司__002631__德尔未来__2020年__年度报告_multipage_105-108.png-3	2021-04-16__德尔未来科技控股集团股份有限公司__002631__德尔未来__2020年__年度报告_107.png	1
2021-04-16__德尔未来科技控股集团股份有限公司__002631__德尔未来__2020年__年度报告_multipage_105-108.png-3	2021-04-16__德尔未来科技控股集团股份有限公司__002631__德尔未来__2020年__年度报告_108.png	1
2021-03-23__苏州科达科技股份有限公司__603660__苏州科达__2020年__年度报告_multipgae_78-79.png-1	2021-03-23__苏州科达科技股份有限公司__603660__苏州科达__2020年__年度报告_multipgae_78-79.png-1_78.png	1
2021-03-23__苏州科达科技股份有限公司__603660__苏州科达__2020年__年度报告_multipgae_78-79.png-1	2021-03-23__苏州科达科技股份有限公司__603660__苏州科达__2020年__年度报告_multipgae_78-79.png-1_79.png	1
2021-04-16__德尔未来科技控股集团股份有限公司__002631__德尔未来__2020年__年度报告_multipage_208-209.png-1	2021-04-16__德尔未来科技控股集团股份有限公司__002631__德尔未来__2020年__年度报告_208.png	1
2021-04-16__德尔未来科技控股集团股份有限公司__002631__德尔未来__2020年__年度报告_multipage_208-209.png-1	2021-04-16__德尔未来科技控股集团股份有限公司__002631__德尔未来__2020年__年度报告_209.png	1
2021-04-16__四川明星电力股份有限公司__600101__明星电力__2020年__年度报告_multipage_21-22.png-1	2021-04-16__四川明星电力股份有限公司__600101__明星电力__2020年__年度报告_21.png	1
2021-04-16__四川明星电力股份有限公司__600101__明星电力__2020年__年度报告_multipage_21-22.png-1	2021-04-16__四川明星电力股份有限公司__600101__明星电力__2020年__年度报告_22.png	1
国家低空经济融创中心：中国上市及新三板挂牌公司低空经济发展报告（2024）_multipage_267-270.png-3	国家低空经济融创中心：中国上市及新三板挂牌公司低空经济发展报告（2024）_267.png	1
国家低空经济融创中心：中国上市及新三板挂牌公司低空经济发展报告（2024）_multipage_267-270.png-3	国家低空经济融创中心：中国上市及新三板挂牌公司低空经济发展报告（2024）_270.png	1
国家低空经济融创中心：中国上市及新三板挂牌公司低空经济发展报告（2024）_multipage_235-237.png-2	国家低空经济融创中心：中国上市及新三板挂牌公司低空经济发展报告（2024）_235.png	1
国家低空经济融创中心：中国上市及新三板挂牌公司低空经济发展报告（2024）_multipage_235-237.png-2	国家低空经济融创中心：中国上市及新三板挂牌公司低空经济发展报告（2024）_236.png	1
国家低空经济融创中心：中国上市及新三板挂牌公司低空经济发展报告（2024）_multipage_235-237.png-2	国家低空经济融创中心：中国上市及新三板挂牌公司低空经济发展报告（2024）_237.png	1
2021-04-16__四川明星电力股份有限公司__600101__明星电力__2020年__年度报告_multipage_147-148.png-2	2021-04-16__四川明星电力股份有限公司__600101__明星电力__2020年__年度报告_147.png	1
2021-04-16__四川明星电力股份有限公司__600101__明星电力__2020年__年度报告_multipage_147-148.png-2	2021-04-16__四川明星电力股份有限公司__600101__明星电力__2020年__年度报告_148.png	1
2021-04-16__德尔未来科技控股集团股份有限公司__002631__德尔未来__2020年__年度报告_multipage_111-113.png-3	2021-04-16__德尔未来科技控股集团股份有限公司__002631__德尔未来__2020年__年度报告_111.png	1
2021-04-16__德尔未来科技控股集团股份有限公司__002631__德尔未来__2020年__年度报告_multipage_111-113.png-3	2021-04-16__德尔未来科技控股集团股份有限公司__002631__德尔未来__2020年__年度报告_112.png	1
2021-04-16__德尔未来科技控股集团股份有限公司__002631__德尔未来__2020年__年度报告_multipage_111-113.png-3	2021-04-16__德尔未来科技控股集团股份有限公司__002631__德尔未来__2020年__年度报告_113.png	1
2021-03-23__苏州科达科技股份有限公司__603660__苏州科达__2020年__年度报告_multipage_61-62.png-2	2021-03-23__苏州科达科技股份有限公司__603660__苏州科达__2020年__年度报告_61.png	1
2021-03-23__苏州科达科技股份有限公司__603660__苏州科达__2020年__年度报告_multipage_61-62.png-2	2021-03-23__苏州科达科技股份有限公司__603660__苏州科达__2020年__年度报告_62.png	1
2021-04-16__德尔未来科技控股集团股份有限公司__002631__德尔未来__2020年__年度报告_multipage_199-200.png-1	2021-04-16__德尔未来科技控股集团股份有限公司__002631__德尔未来__2020年__年度报告_199.png	1
2021-04-16__德尔未来科技控股集团股份有限公司__002631__德尔未来__2020年__年度报告_multipage_199-200.png-1	2021-04-16__德尔未来科技控股集团股份有限公司__002631__德尔未来__2020年__年度报告_200.png	1
国家低空经济融创中心：中国上市及新三板挂牌公司低空经济发展报告（2024）_multipage_253-258.png-1	国家低空经济融创中心：中国上市及新三板挂牌公司低空经济发展报告（2024）_253.png	1
国家低空经济融创中心：中国上市及新三板挂牌公司低空经济发展报告（2024）_multipage_253-258.png-1	国家低空经济融创中心：中国上市及新三板挂牌公司低空经济发展报告（2024）_258.png	1
810d8681429537dbf20a437a6dbf08e34c1ece27_multipage_534-535.png-3	810d8681429537dbf20a437a6dbf08e34c1ece27_534.png	1
810d8681429537dbf20a437a6dbf08e34c1ece27_multipage_534-535.png-3	810d8681429537dbf20a437a6dbf08e34c1ece27_535.png	1
52fd4a323d97356a463959671794e900699baae5_multipage_279-280.png-1	52fd4a323d97356a463959671794e900699baae5_279.png	1
52fd4a323d97356a463959671794e900699baae5_multipage_279-280.png-1	52fd4a323d97356a463959671794e900699baae5_280.png	1
思看科技(杭州)股份有限公司科创板IPO上市招股说明书_multipage_40-41.png-3	思看科技(杭州)股份有限公司科创板IPO上市招股说明书_40.png	1
思看科技(杭州)股份有限公司科创板IPO上市招股说明书_multipage_40-41.png-3	思看科技(杭州)股份有限公司科创板IPO上市招股说明书_41.png	1
52fd4a323d97356a463959671794e900699baae5_multipage_172-173.png-2	52fd4a323d97356a463959671794e900699baae5_172.png	1
52fd4a323d97356a463959671794e900699baae5_multipage_172-173.png-2	52fd4a323d97356a463959671794e900699baae5_173.png	1
2019年国民经济和社会发展统计公报_multipage_17-18.png-3	2019年国民经济和社会发展统计公报_17.png	1
2019年国民经济和社会发展统计公报_multipage_17-18.png-3	2019年国民经济和社会发展统计公报_18.png	1
山西证券：信用策略系列报告四：一文读懂融资租赁债_multipage_61-62.png-3	山西证券：信用策略系列报告四：一文读懂融资租赁债_61.png	1
山西证券：信用策略系列报告四：一文读懂融资租赁债_multipage_61-62.png-3	山西证券：信用策略系列报告四：一文读懂融资租赁债_62.png	1
中证指数：2020全球上市中国股票概览_multipage_10-11.png-3	中证指数：2020全球上市中国股票概览_10.png	1
中证指数：2020全球上市中国股票概览_multipage_10-11.png-3	中证指数：2020全球上市中国股票概览_11.png	1
52fd4a323d97356a463959671794e900699baae5_multipage_72-73.png-3	52fd4a323d97356a463959671794e900699baae5_72.png	1
52fd4a323d97356a463959671794e900699baae5_multipage_72-73.png-3	52fd4a323d97356a463959671794e900699baae5_73.png	1
810d8681429537dbf20a437a6dbf08e34c1ece27_multipage_323-324.png-2	810d8681429537dbf20a437a6dbf08e34c1ece27_323.png	1
810d8681429537dbf20a437a6dbf08e34c1ece27_multipage_323-324.png-2	810d8681429537dbf20a437a6dbf08e34c1ece27_324.png	1
周期、重构、起航-2018年中国新经济创投白皮书_multipage_191-200.png-1	周期、重构、起航-2018年中国新经济创投白皮书_190.png	1
周期、重构、起航-2018年中国新经济创投白皮书_multipage_191-200.png-1	周期、重构、起航-2018年中国新经济创投白皮书_191.png	1
周期、重构、起航-2018年中国新经济创投白皮书_multipage_191-200.png-1	周期、重构、起航-2018年中国新经济创投白皮书_192.png	1
周期、重构、起航-2018年中国新经济创投白皮书_multipage_191-200.png-1	周期、重构、起航-2018年中国新经济创投白皮书_193.png	1
周期、重构、起航-2018年中国新经济创投白皮书_multipage_191-200.png-1	周期、重构、起航-2018年中国新经济创投白皮书_194.png	1
周期、重构、起航-2018年中国新经济创投白皮书_multipage_191-200.png-1	周期、重构、起航-2018年中国新经济创投白皮书_195.png	1
2021-03-23__苏州科达科技股份有限公司__603660__苏州科达__2020年__年度报告_multipage_121-130.png-1	2021-03-23__苏州科达科技股份有限公司__603660__苏州科达__2020年__年度报告_121.png	1
2021-03-23__苏州科达科技股份有限公司__603660__苏州科达__2020年__年度报告_multipage_121-130.png-1	2021-03-23__苏州科达科技股份有限公司__603660__苏州科达__2020年__年度报告_122.png	1
2021-03-23__苏州科达科技股份有限公司__603660__苏州科达__2020年__年度报告_multipage_121-130.png-2	2021-03-23__苏州科达科技股份有限公司__603660__苏州科达__2020年__年度报告_126.png	1
2021-03-23__苏州科达科技股份有限公司__603660__苏州科达__2020年__年度报告_multipage_121-130.png-2	2021-03-23__苏州科达科技股份有限公司__603660__苏州科达__2020年__年度报告_127.png	1
2021-03-23__苏州科达科技股份有限公司__603660__苏州科达__2020年__年度报告_multipage_141-150.png-1	2021-03-23__苏州科达科技股份有限公司__603660__苏州科达__2020年__年度报告_142.png	1
2021-03-23__苏州科达科技股份有限公司__603660__苏州科达__2020年__年度报告_multipage_141-150.png-1	2021-03-23__苏州科达科技股份有限公司__603660__苏州科达__2020年__年度报告_143.png	1
2021-03-23__苏州科达科技股份有限公司__603660__苏州科达__2020年__年度报告_multipage_141-150.png-1	2021-03-23__苏州科达科技股份有限公司__603660__苏州科达__2020年__年度报告_144.png	1
2021-03-23__苏州科达科技股份有限公司__603660__苏州科达__2020年__年度报告_multipage_141-150.png-2	2021-03-23__苏州科达科技股份有限公司__603660__苏州科达__2020年__年度报告_142.png	1
2021-03-23__苏州科达科技股份有限公司__603660__苏州科达__2020年__年度报告_multipage_141-150.png-2	2021-03-23__苏州科达科技股份有限公司__603660__苏州科达__2020年__年度报告_143.png	1
2021-03-23__苏州科达科技股份有限公司__603660__苏州科达__2020年__年度报告_multipage_141-150.png-5	2021-03-23__苏州科达科技股份有限公司__603660__苏州科达__2020年__年度报告_144.png	1
2021-03-23__苏州科达科技股份有限公司__603660__苏州科达__2020年__年度报告_multipage_141-150.png-5	2021-03-23__苏州科达科技股份有限公司__603660__苏州科达__2020年__年度报告_145.png	1
山西证券：信用策略系列报告四：一文读懂融资租赁债_multipage_21-30.png-3	山西证券：信用策略系列报告四：一文读懂融资租赁债_27.png	1
山西证券：信用策略系列报告四：一文读懂融资租赁债_multipage_21-30.png-3	山西证券：信用策略系列报告四：一文读懂融资租赁债_28.png	1
山西证券：信用策略系列报告四：一文读懂融资租赁债_multipage_21-30.png-3	山西证券：信用策略系列报告四：一文读懂融资租赁债_29.png	1
山西证券：信用策略系列报告四：一文读懂融资租赁债_multipage_21-30.png-3	山西证券：信用策略系列报告四：一文读懂融资租赁债_30.png	1
山西证券：信用策略系列报告四：一文读懂融资租赁债_multipage_21-30.png-4	山西证券：信用策略系列报告四：一文读懂融资租赁债_3.png	1
山西证券：信用策略系列报告四：一文读懂融资租赁债_multipage_21-30.png-4	山西证券：信用策略系列报告四：一文读懂融资租赁债_4.png	1
鉴过知来+向往而新：2022年上半年银行业监管处罚分析洞察_12.png-1	鉴过知来+向往而新：2022年上半年银行业监管处罚分析洞察_12.png	1
《宏观观察》2024年第53期：美国大选结果对我国芯片产业发展的影响和应对建议_11.png-1	《宏观观察》2024年第53期：美国大选结果对我国芯片产业发展的影响和应对建议_11.png	1
中国工商银行股份有限公司2023年度报告_337.png-1	中国工商银行股份有限公司2023年度报告_337.png	1
11463b6562c6ba2afde67a29bca314452ea9a2e0_63.png-1	11463b6562c6ba2afde67a29bca314452ea9a2e0_63.png	1
2021-03-23__苏州科达科技股份有限公司__603660__苏州科达__2020年__年度报告_121.png-3	2021-03-23__苏州科达科技股份有限公司__603660__苏州科达__2020年__年度报告_121.png	1
【读财报】TOP30上市房企11月销售额：中国海外发展、华润置地、保利发展居前三 - 中国金融信息网_3.png-3	【读财报】TOP30上市房企11月销售额：中国海外发展、华润置地、保利发展居前三 - 中国金融信息网_3.png	1
数字金融：理论、模式与监管_27.png-3	数字金融：理论、模式与监管_27.png	1
2021-03-23__苏州科达科技股份有限公司__603660__苏州科达__2020年__年度报告_107.png-3	2021-03-23__苏州科达科技股份有限公司__603660__苏州科达__2020年__年度报告_107.png	1
逾百只短债基金启动限购，首单水利设施公募REITs申报_12.png-2	逾百只短债基金启动限购，首单水利设施公募REITs申报_12.png	1
810d8681429537dbf20a437a6dbf08e34c1ece27_324.png-3	810d8681429537dbf20a437a6dbf08e34c1ece27_324.png	1
中国人民大学国际货币研究所：中国财富管理行业趋势报告（2024上）_31.png-2	中国人民大学国际货币研究所：中国财富管理行业趋势报告（2024上）_31.png	1
中国人民大学国际货币研究所：中国财富管理行业趋势报告（2024上）_12.png-1	中国人民大学国际货币研究所：中国财富管理行业趋势报告（2024上）_12.png	1
中国工商银行股份有限公司2023年度报告_347.png-3	中国工商银行股份有限公司2023年度报告_347.png	1
第一财经2023年11期_94.png-2	第一财经2023年11期_94.png	1
52fd4a323d97356a463959671794e900699baae5_225.png-2	52fd4a323d97356a463959671794e900699baae5_225.png	1
52fd4a323d97356a463959671794e900699baae5_206.png-3	52fd4a323d97356a463959671794e900699baae5_206.png	1
思看科技(杭州)股份有限公司科创板IPO上市招股说明书_365.png-3	思看科技(杭州)股份有限公司科创板IPO上市招股说明书_365.png	1
20180326-平安证券-策略专题：CDR详析，拥抱新经济，迎接独角兽_24.png-3	20180326-平安证券-策略专题：CDR详析，拥抱新经济，迎接独角兽_24.png	1
【宏观洞见】5月份社零同比增长3.7%，多因素带动消费市场恢复向好 - 中国金融信息网_3.png-2	【宏观洞见】5月份社零同比增长3.7%，多因素带动消费市场恢复向好 - 中国金融信息网_3.png	1
中国银行股份有限公司2024年半年度报告_53.png-1	中国银行股份有限公司2024年半年度报告_53.png	1
2022金融行业薪酬趋势报告（上半年）_18.png-2	2022金融行业薪酬趋势报告（上半年）_18.png	1
2022第一季度中国货币政策执行报告_14.png-2	2022第一季度中国货币政策执行报告_14.png	1
2021年香港银行业报告_62.png-2	2021年香港银行业报告_62.png	1
思看科技(杭州)股份有限公司科创板IPO上市招股说明书_296.png-3	思看科技(杭州)股份有限公司科创板IPO上市招股说明书_296.png	1
德勤：中国银行业2024年上半年发展回顾与展望报告_68.png-1	德勤：中国银行业2024年上半年发展回顾与展望报告_68.png	1
810d8681429537dbf20a437a6dbf08e34c1ece27_480.png-3	810d8681429537dbf20a437a6dbf08e34c1ece27_480.png	1
德勤：2024年亚太私募股权年鉴报告_29.png-1	德勤：2024年亚太私募股权年鉴报告_29.png	1
52fd4a323d97356a463959671794e900699baae5_99.png-1	52fd4a323d97356a463959671794e900699baae5_99.png	1
财经2023第07期_50.png-2	财经2023第07期_50.png	1
2022中国区域金融运行报告_10.png-1	2022中国区域金融运行报告_10.png	1
52fd4a323d97356a463959671794e900699baae5_101.png-3	52fd4a323d97356a463959671794e900699baae5_101.png	1
财经2024年8期_58.png-1	财经2024年8期_58.png	1
第一财经：2024年养老金融指数报告_29.png-2	第一财经：2024年养老金融指数报告_29.png	1
第一财经2024年6期_68.png-1	第一财经2024年6期_68.png	1
周期、重构、起航-2018年中国新经济创投白皮书_64.png-2	周期、重构、起航-2018年中国新经济创投白皮书_64.png	1
中国工商银行股份有限公司2023年度报告_82.png-1	中国工商银行股份有限公司2023年度报告_82.png	1
52fd4a323d97356a463959671794e900699baae5_204.png-3	52fd4a323d97356a463959671794e900699baae5_204.png	1
东吴证券：2025年A股投资策略展望：“内循环牛”和“科技成长牛”_54.png-3	东吴证券：2025年A股投资策略展望：“内循环牛”和“科技成长牛”_54.png	1
810d8681429537dbf20a437a6dbf08e34c1ece27_512.png-1	810d8681429537dbf20a437a6dbf08e34c1ece27_512.png	1
2022第二季度中国货币政策执行报告_12.png-3	2022第二季度中国货币政策执行报告_12.png	1
第一财经：2024年养老金融指数报告_40.png-2	第一财经：2024年养老金融指数报告_40.png	1
【读财报】上市车企11月销量：新能源汽车销量同比增长46% 长安汽车、吉利汽车增速居前 - 中国金融信息网_4.png-3	【读财报】上市车企11月销量：新能源汽车销量同比增长46% 长安汽车、吉利汽车增速居前 - 中国金融信息网_4.png	1
第一财经2023年6期_52.png-1	第一财经2023年6期_52.png	1
天风证券：券商行业2025年年度策略：政策大利好不断，券商板块静待进攻_33.png-1	天风证券：券商行业2025年年度策略：政策大利好不断，券商板块静待进攻_33.png	1
转型中的中东经济——中国与中东经贸合作前景广阔_5.png-2	转型中的中东经济——中国与中东经贸合作前景广阔_5.png	1
68家券商今年发债1.31万亿 同比下降12% 融资需求因何下降？ _ 东方财富网_1.png-3	68家券商今年发债1.31万亿 同比下降12% 融资需求因何下降？ _ 东方财富网_1.png	1
中国金融稳定报告2016_185.png-3	中国金融稳定报告2016_185.png	1
【研报推荐】原油期货价格上涨；欧美天然气期货价格大幅下跌；美国电价下跌_9.png-1	【研报推荐】原油期货价格上涨；欧美天然气期货价格大幅下跌；美国电价下跌_9.png	1
山西证券：信用策略系列报告四：一文读懂融资租赁债_50.png-3	山西证券：信用策略系列报告四：一文读懂融资租赁债_50.png	1
中国金融稳定报告2017_152.png-1	中国金融稳定报告2017_152.png	1
2021-04-16__四川明星电力股份有限公司__600101__明星电力__2020年__年度报告_124.png-2	2021-04-16__四川明星电力股份有限公司__600101__明星电力__2020年__年度报告_124.png	1
2024年中国银行业调查报告_27.png-3	2024年中国银行业调查报告_27.png	1
中国工商银行股份有限公司2023年度报告_74.png-1	中国工商银行股份有限公司2023年度报告_74.png	1
中国金融稳定报告2017_149.png-2	中国金融稳定报告2017_149.png	1
2021-04-16__德尔未来科技控股集团股份有限公司__002631__德尔未来__2020年__年度报告_156.png-1	2021-04-16__德尔未来科技控股集团股份有限公司__002631__德尔未来__2020年__年度报告_156.png	1
周期、重构、起航-2018年中国新经济创投白皮书_70.png-2	周期、重构、起航-2018年中国新经济创投白皮书_70.png	1
【看新股】港股IPO透视：前11月募资792亿港元 过半数新股上市首日上涨 - 中国金融信息网_6.png-1	【看新股】港股IPO透视：前11月募资792亿港元 过半数新股上市首日上涨 - 中国金融信息网_6.png	1
全球金融科技投融资报告(2021年7月)_18.png-3	全球金融科技投融资报告(2021年7月)_18.png	1
中国银行全球经济金融展望报告（2025年）：经济增长不确定性加大，货币政策进入降息周期_8.png-1	中国银行全球经济金融展望报告（2025年）：经济增长不确定性加大，货币政策进入降息周期_8.png	1
中国金融稳定报告2017_14.png-1	中国金融稳定报告2017_14.png	1
中国银行股份有限公司2024年半年度报告_137.png-3	中国银行股份有限公司2024年半年度报告_137.png	1
【研报推荐】联博基金首只公募产品即将面世，工银瑞信沪深300ETF降费_10.png-2	【研报推荐】联博基金首只公募产品即将面世，工银瑞信沪深300ETF降费_10.png	1
天风证券：券商行业2025年年度策略：政策大利好不断，券商板块静待进攻_18.png-1	天风证券：券商行业2025年年度策略：政策大利好不断，券商板块静待进攻_18.png	1
中国金融稳定报告2017_158.png-3	中国金融稳定报告2017_158.png	1
2020年中国原创财经新媒体案例研究报告_36.png-3	2020年中国原创财经新媒体案例研究报告_36.png	1
第一财经2023年10期_62.png-3	第一财经2023年10期_62.png	1
中国人民银行：人民币国际化报告（2024）_10.png-1	中国人民银行：人民币国际化报告（2024）_10.png	1
12月需求创新高2024年智驾迎拐点比亚迪发力_15.png-2	12月需求创新高2024年智驾迎拐点比亚迪发力_15.png	1
810d8681429537dbf20a437a6dbf08e34c1ece27_469.png-3	810d8681429537dbf20a437a6dbf08e34c1ece27_469.png	1
810d8681429537dbf20a437a6dbf08e34c1ece27_390.png-2	810d8681429537dbf20a437a6dbf08e34c1ece27_390.png	1
财经2024年7期_45.png-2	财经2024年7期_45.png	1
第一财经2024年8期_25.png-3	第一财经2024年8期_25.png	1
810d8681429537dbf20a437a6dbf08e34c1ece27_470.png-3	810d8681429537dbf20a437a6dbf08e34c1ece27_470.png	1
810d8681429537dbf20a437a6dbf08e34c1ece27_464.png-2	810d8681429537dbf20a437a6dbf08e34c1ece27_464.png	1
财经2023第04期_90.png-2	财经2023第04期_90.png	1
2021-04-16__四川明星电力股份有限公司__600101__明星电力__2020年__年度报告_158.png-3	2021-04-16__四川明星电力股份有限公司__600101__明星电力__2020年__年度报告_158.png	1
第一财经2023年9期_43.png-1	第一财经2023年9期_43.png	1
2022第二季度中国货币政策执行报告_42.png-2	2022第二季度中国货币政策执行报告_42.png	1
2021-04-16__四川明星电力股份有限公司__600101__明星电力__2020年__年度报告_40.png-1	2021-04-16__四川明星电力股份有限公司__600101__明星电力__2020年__年度报告_40.png	1
2021-03-23__苏州科达科技股份有限公司__603660__苏州科达__2020年__年度报告_20.png-1	2021-03-23__苏州科达科技股份有限公司__603660__苏州科达__2020年__年度报告_20.png	1
中证指数：2020全球上市中国股票概览_10.png-3	中证指数：2020全球上市中国股票概览_10.png	1
德勤：中国银行业2024年上半年发展回顾与展望报告_58.png-2	德勤：中国银行业2024年上半年发展回顾与展望报告_58.png	1
2021-03-23__苏州科达科技股份有限公司__603660__苏州科达__2020年__年度报告_132.png-3	2021-03-23__苏州科达科技股份有限公司__603660__苏州科达__2020年__年度报告_132.png	1
中国工商银行股份有限公司2023年度报告_33.png-1	中国工商银行股份有限公司2023年度报告_33.png	1
2022金融行业薪酬趋势报告（上半年）_15.png-1	2022金融行业薪酬趋势报告（上半年）_15.png	1
12月25日东方财富财经晚报（附新闻联播） _ 东方财富网_1.png-2	12月25日东方财富财经晚报（附新闻联播） _ 东方财富网_1.png	1
中国人民大学国际货币研究所：中国财富管理行业趋势报告（2024上）_13.png-3	中国人民大学国际货币研究所：中国财富管理行业趋势报告（2024上）_13.png	1
【看新股】创业板IPO透视：前11月募资201.74亿元 诺瓦星云、壹连科技募资规模居前 - 中国金融信息网_3.png-2	【看新股】创业板IPO透视：前11月募资201.74亿元 诺瓦星云、壹连科技募资规模居前 - 中国金融信息网_3.png	1
思看科技(杭州)股份有限公司科创板IPO上市招股说明书_346.png-2	思看科技(杭州)股份有限公司科创板IPO上市招股说明书_346.png	1
中国工商银行股份有限公司2023年度报告_283.png-1	中国工商银行股份有限公司2023年度报告_283.png	1
2022金融行业薪酬趋势报告（上半年）_17.png-1	2022金融行业薪酬趋势报告（上半年）_17.png	1
周期、重构、起航-2018年中国新经济创投白皮书_81.png-2	周期、重构、起航-2018年中国新经济创投白皮书_81.png	1
财经2024年7期_76.png-2	财经2024年7期_76.png	1
东吴证券：2025年A股投资策略展望：“内循环牛”和“科技成长牛”_8.png-1	东吴证券：2025年A股投资策略展望：“内循环牛”和“科技成长牛”_8.png	1
【研报推荐】房地产行业行业周报：3月小阳春略有表现，二手房好于一手房_4.png-2	【研报推荐】房地产行业行业周报：3月小阳春略有表现，二手房好于一手房_4.png	1
第一财经2024年2期_34.png-3	第一财经2024年2期_34.png	1
2021-04-16__四川明星电力股份有限公司__600101__明星电力__2020年__年度报告_145.png-1	2021-04-16__四川明星电力股份有限公司__600101__明星电力__2020年__年度报告_145.png	1
中国银行股份有限公司2024年半年度报告_41.png-2	中国银行股份有限公司2024年半年度报告_41.png	1
中国工商银行股份有限公司2023年度报告_29.png-3	中国工商银行股份有限公司2023年度报告_29.png	1
52fd4a323d97356a463959671794e900699baae5_59.png-2	52fd4a323d97356a463959671794e900699baae5_59.png	1
【读财报】A股上市险企前11月原保费统计：共计实现2.67万亿收入 同比增长5.6% - 中国金融信息网_2.png-1	【读财报】A股上市险企前11月原保费统计：共计实现2.67万亿收入 同比增长5.6% - 中国金融信息网_2.png	1
山西证券：信用策略系列报告四：一文读懂融资租赁债_40.png-2	山西证券：信用策略系列报告四：一文读懂融资租赁债_40.png	1
财经2023第01期_50.png-3	财经2023第01期_50.png	1
财经2023第01期_50.png-4	财经2023第01期_50.png	1
德勤：中国银行业2024年上半年发展回顾与展望报告_67.png-2	德勤：中国银行业2024年上半年发展回顾与展望报告_67.png	1
20180326-平安证券-策略专题：CDR详析，拥抱新经济，迎接独角兽_10.png-1	20180326-平安证券-策略专题：CDR详析，拥抱新经济，迎接独角兽_10.png	1
鉴过知来+向往而新：2022年上半年银行业监管处罚分析洞察_11.png-3	鉴过知来+向往而新：2022年上半年银行业监管处罚分析洞察_11.png	1
2022年度上市银行预期信用风险损失披露情况分析_35.png-2	2022年度上市银行预期信用风险损失披露情况分析_35.png	1
货币市场日报：12月26日 - 中国金融信息网_3.png-3	货币市场日报：12月26日 - 中国金融信息网_3.png	1
第一财经2024年1期_57.png-2	第一财经2024年1期_57.png	1
山西证券：信用策略系列报告四：一文读懂融资租赁债_29.png-2	山西证券：信用策略系列报告四：一文读懂融资租赁债_29.png	1
《宏观观察》2023年第28期：我国跨境资本流动新态势、展望及影响_6.png-3	《宏观观察》2023年第28期：我国跨境资本流动新态势、展望及影响_6.png	1
国家低空经济融创中心：中国上市及新三板挂牌公司低空经济发展报告（2024）_28.png-1	国家低空经济融创中心：中国上市及新三板挂牌公司低空经济发展报告（2024）_28.png	1
周期、重构、起航-2018年中国新经济创投白皮书_189.png-3	周期、重构、起航-2018年中国新经济创投白皮书_189.png	1
德勤：2025年全球保险行业展望报告_11.png-1	德勤：2025年全球保险行业展望报告_11.png	1
2020儿童经济洞察报告_11.png-1	2020儿童经济洞察报告_11.png	1
2022中国新能源汽车行业投资机会观察_9.png-2	2022中国新能源汽车行业投资机会观察_9.png	1
浦银国际证券：SPDBI中国股市资金全景图2022年4月刊：资金流周期底部，继续看多中国股票_11.png-2	浦银国际证券：SPDBI中国股市资金全景图2022年4月刊：资金流周期底部，继续看多中国股票_11.png	1
金融数字化发展联盟：2024年消费金融数字化转型主题调研报告_130.png-1	金融数字化发展联盟：2024年消费金融数字化转型主题调研报告_130.png	1
成单一大股东！浙商证券收购国都证券34.25%股份完成过户 _ 东方财富网_1.png-2	成单一大股东！浙商证券收购国都证券34.25%股份完成过户 _ 东方财富网_1.png	1
金融数字化发展联盟：2024年消费金融数字化转型主题调研报告_103.png-1	金融数字化发展联盟：2024年消费金融数字化转型主题调研报告_103.png	1
金融数字化发展联盟：2024年消费金融数字化转型主题调研报告_83.png-2	金融数字化发展联盟：2024年消费金融数字化转型主题调研报告_83.png	1
金融数字化发展联盟：2024年消费金融数字化转型主题调研报告_68.png-2	金融数字化发展联盟：2024年消费金融数字化转型主题调研报告_68.png	1
中证指数：2020全球上市中国股票概览_9.png-1	中证指数：2020全球上市中国股票概览_9.png	1
中国银行业2021年上半年发展回顾与展望_32.png-1	中国银行业2021年上半年发展回顾与展望_32.png	1
2021中国数字经济50条判断_74.png-1	2021中国数字经济50条判断_74.png	1
区域经济金融展望报告（长三角）2024年第4期 ：以稳促进 更好发挥长三角对全国经济的引领示范作用_4.png-1	区域经济金融展望报告（长三角）2024年第4期 ：以稳促进 更好发挥长三角对全国经济的引领示范作用_4.png	1
第一财经2024年3期_96.png-1	第一财经2024年3期_96.png	1
财经2024年4期_51.png-1	财经2024年4期_51.png	1
2020银发经济洞察报告_26.png-1	2020银发经济洞察报告_26.png	1
2024中国金融科技企业首席洞察报告_18.png-1	2024中国金融科技企业首席洞察报告_18.png	1
财经2024年7期_13.png-2	财经2024年7期_13.png	1
思看科技(杭州)股份有限公司科创板IPO上市招股说明书_138.png-1	思看科技(杭州)股份有限公司科创板IPO上市招股说明书_138.png	1
2022金融行业薪酬趋势报告（上半年）_12.png-1	2022金融行业薪酬趋势报告（上半年）_12.png	1
2020年中国地摊经济行业研究报告_12.png-1	2020年中国地摊经济行业研究报告_12.png	1
德勤：中国银行业2024年上半年发展回顾与展望报告_115.png-2	德勤：中国银行业2024年上半年发展回顾与展望报告_115.png	1
2018中国家庭金融市场专题分析_7.png-1	2018中国家庭金融市场专题分析_7.png	1
泰康绿色金融发展白皮书_22.png-1	泰康绿色金融发展白皮书_22.png	1
鉴过知来+向往而新：2022年上半年银行业监管处罚分析洞察_5.png-1	鉴过知来+向往而新：2022年上半年银行业监管处罚分析洞察_5.png	1
2021年香港银行业报告_7.png-1	2021年香港银行业报告_7.png	1
第一财经2023年1-2期_78.png-1	第一财经2023年1-2期_78.png	1
互联网保险ESG白皮书_55.png-2	互联网保险ESG白皮书_55.png	1
2018中国家庭金融市场专题分析_14.png-2	2018中国家庭金融市场专题分析_14.png	1
周期、重构、起航-2018年中国新经济创投白皮书_165.png-1	周期、重构、起航-2018年中国新经济创投白皮书_165.png	1
2022年度上市银行预期信用风险损失披露情况分析_9.png-1	2022年度上市银行预期信用风险损失披露情况分析_9.png	1
2024年中国银行业调查报告_27.png-1	2024年中国银行业调查报告_27.png	1
银行系消费金融生存现状盘点及趋势预测2021_25.png-3	银行系消费金融生存现状盘点及趋势预测2021_25.png	1
财经2023第01期_50.png-2	财经2023第01期_50.png	1
金融数字化发展联盟：2024年消费金融数字化转型主题调研报告_21.png-1	金融数字化发展联盟：2024年消费金融数字化转型主题调研报告_21.png	1
UNDP&CICETE&度小满：2024年农村小微企业融资新发展报告_35.png-2	UNDP&CICETE&度小满：2024年农村小微企业融资新发展报告_35.png	1
2017中国餐饮市场金融服务_26.png-2	2017中国餐饮市场金融服务_26.png	1
2022抖音财经内容生态报告_10.png-1	2022抖音财经内容生态报告_10.png	1
商品日报（12月20日）：供应扰动 菜系油粕强势拉涨 - 中国金融信息网_1.png-2	商品日报（12月20日）：供应扰动 菜系油粕强势拉涨 - 中国金融信息网_1.png	1
浦银国际证券：SPDBI中国股市资金全景图2022年4月刊：资金流周期底部，继续看多中国股票_9.png-2	浦银国际证券：SPDBI中国股市资金全景图2022年4月刊：资金流周期底部，继续看多中国股票_9.png	1
2020年中国原创财经新媒体案例研究报告_32.png-1	2020年中国原创财经新媒体案例研究报告_32.png	1
第一财经2024年3期_25.png-1	第一财经2024年3期_25.png	1
第一财经2024年7期_27.png-1	第一财经2024年7期_27.png	1
UNDP&CICETE&度小满：2024年农村小微企业融资新发展报告_33.png-1	UNDP&CICETE&度小满：2024年农村小微企业融资新发展报告_33.png	1
德勤：2024年亚太私募股权年鉴报告_10.png-2	德勤：2024年亚太私募股权年鉴报告_10.png	1
第一财经2023年6期_55.png-1	第一财经2023年6期_55.png	1
第一财经2024年1期_46.png-3	第一财经2024年1期_46.png	1
金融数字化发展联盟：2024年消费金融数字化转型主题调研报告_71.png-1	金融数字化发展联盟：2024年消费金融数字化转型主题调研报告_71.png	1
第一财经2024年6期_63.png-1	第一财经2024年6期_63.png	1
2022抖音财经内容生态报告_42.png-2	2022抖音财经内容生态报告_42.png	1
UNDP&CICETE&度小满：2024年农村小微企业融资新发展报告_42.png-3	UNDP&CICETE&度小满：2024年农村小微企业融资新发展报告_42.png	1
《中国经济观察》_54.png-2	《中国经济观察》_54.png	1
财经2023第03期_36.png-2	财经2023第03期_36.png	1
2024年中国银行业调查报告_39.png-2	2024年中国银行业调查报告_39.png	1
财经2024年7期_59.png-3	财经2024年7期_59.png	1
财经2024年9期_89.png-2	财经2024年9期_89.png	1
2021年的全球经济与中国经济_11.png-2	2021年的全球经济与中国经济_11.png	1
第一财经2024年1期_46.png-4	第一财经2024年1期_46.png	1
金融数字化发展联盟：2024年消费金融数字化转型主题调研报告_71.png-2	金融数字化发展联盟：2024年消费金融数字化转型主题调研报告_71.png	1
第一财经2023年9期_54.png-3	第一财经2023年9期_54.png	1
2022金融行业薪酬趋势报告（上半年）_11.png-2	2022金融行业薪酬趋势报告（上半年）_11.png	1
第一财经2024年9期_28.png-2	第一财经2024年9期_28.png	1
转型中的中东经济——中国与中东经贸合作前景广阔_31.png-2	转型中的中东经济——中国与中东经贸合作前景广阔_31.png	1
2022金融行业薪酬趋势报告（上半年）_7.png-1	2022金融行业薪酬趋势报告（上半年）_7.png	1
2017中国餐饮市场金融服务_5.png-1	2017中国餐饮市场金融服务_5.png	1
第一财经2024年6期_29.png-3	第一财经2024年6期_29.png	1
2020年中国地摊经济行业研究报告_17.png-1	2020年中国地摊经济行业研究报告_17.png	1
财经2023第01期_107.png-1	财经2023第01期_107.png	1
UNDP&CICETE&度小满：2024年农村小微企业融资新发展报告_28.png-1	UNDP&CICETE&度小满：2024年农村小微企业融资新发展报告_28.png	1
2022中国新能源汽车行业投资机会观察_2.png-2	2022中国新能源汽车行业投资机会观察_2.png	1
第一财经2024年1期_58.png-2	第一财经2024年1期_58.png	1
财经2023第04期_94.png-1	财经2023第04期_94.png	1
东吴证券：保险行业2025年投资策略：资负共振，长期可期_16.png-2	东吴证券：保险行业2025年投资策略：资负共振，长期可期_16.png	1
财经2023第04期_78.png-1	财经2023第04期_78.png	1
第一财经2023年10期_69.png-3	第一财经2023年10期_69.png	1
第一财经2023年3期_34.png-1	第一财经2023年3期_34.png	1
810d8681429537dbf20a437a6dbf08e34c1ece27_171.png-1	810d8681429537dbf20a437a6dbf08e34c1ece27_171.png	1
中国汽车金融市场数字化发展专题分析2019_5.png-1	中国汽车金融市场数字化发展专题分析2019_5.png	1
第一财经2024年6期_142.png-3	第一财经2024年6期_142.png	1
12月需求创新高2024年智驾迎拐点比亚迪发力_20.png-1	12月需求创新高2024年智驾迎拐点比亚迪发力_20.png	1
财通证券：养老金融系列之一：美国养老金都投些什么？_29.png-1	财通证券：养老金融系列之一：美国养老金都投些什么？_29.png	1
远东资信：《远东信用观察》2024年第2期_62.png-3	远东资信：《远东信用观察》2024年第2期_62.png	1
第一财经2023年8期_74.png-1	第一财经2023年8期_74.png	1
财经2023第06期_31.png-1	财经2023第06期_31.png	1
第一财经2024年2期_59.png-2	第一财经2024年2期_59.png	1
第一财经：2024年养老金融指数报告_36.png-2	第一财经：2024年养老金融指数报告_36.png	1
财经2023第04期_37.png-2	财经2023第04期_37.png	1
中国县域工业经济发展报告_37.png-2	中国县域工业经济发展报告_37.png	1
金融数字化发展联盟：2024年消费金融数字化转型主题调研报告_13.png-1	金融数字化发展联盟：2024年消费金融数字化转型主题调研报告_13.png	1
周期、重构、起航-2018年中国新经济创投白皮书_201.png-2	周期、重构、起航-2018年中国新经济创投白皮书_201.png	1
批价持续下移，茅台稳价措施加码_1.png-2	批价持续下移，茅台稳价措施加码_1.png	1
2022年度上市银行预期信用风险损失披露情况分析_9.png-3	2022年度上市银行预期信用风险损失披露情况分析_9.png	1
德勤：中国银行业2024年上半年发展回顾与展望报告_53.png-3	德勤：中国银行业2024年上半年发展回顾与展望报告_53.png	1
UNDP&CICETE&度小满：2024年农村小微企业融资新发展报告_62.png-3	UNDP&CICETE&度小满：2024年农村小微企业融资新发展报告_62.png	1
中国绿色金融研究报告（2024）_81.png-3	中国绿色金融研究报告（2024）_81.png	1
车路云一体化发展提速，问界新M7大定破3万_6.png-3	车路云一体化发展提速，问界新M7大定破3万_6.png	1
麦肯锡全球银行业年度报告_38.png-1	麦肯锡全球银行业年度报告_38.png	1
德勤：2024年亚太私募股权年鉴报告_15.png-1	德勤：2024年亚太私募股权年鉴报告_15.png	1
第一财经2024年6期_107.png-3	第一财经2024年6期_107.png	1
中国金融稳定报告2017_79.png-1	中国金融稳定报告2017_79.png	1
中国金融稳定报告2017_79.png-3	中国金融稳定报告2017_79.png	1
国家低空经济融创中心：中国上市及新三板挂牌公司低空经济发展报告（2024）_239.png-3	国家低空经济融创中心：中国上市及新三板挂牌公司低空经济发展报告（2024）_239.png	1
国家低空经济融创中心：中国上市及新三板挂牌公司低空经济发展报告（2024）_143.png-1	国家低空经济融创中心：中国上市及新三板挂牌公司低空经济发展报告（2024）_143.png	1
2017中国餐饮市场金融服务_14.png-1	2017中国餐饮市场金融服务_14.png	1
中国银行全球经济金融展望报告（2025年）：经济增长不确定性加大，货币政策进入降息周期_39.png-1	中国银行全球经济金融展望报告（2025年）：经济增长不确定性加大，货币政策进入降息周期_39.png	1
国家低空经济融创中心：中国上市及新三板挂牌公司低空经济发展报告（2024）_293.png-3	国家低空经济融创中心：中国上市及新三板挂牌公司低空经济发展报告（2024）_293.png	1
区域经济金融展望报告（长三角）2024年第4期 ：以稳促进 更好发挥长三角对全国经济的引领示范作用_26.png-1	区域经济金融展望报告（长三角）2024年第4期 ：以稳促进 更好发挥长三角对全国经济的引领示范作用_26.png	1
2024年中国银行业调查报告_87.png-2	2024年中国银行业调查报告_87.png	1
2024年中国银行业调查报告_87.png-3	2024年中国银行业调查报告_87.png	1
2024年中国银行业调查报告_84.png-2	2024年中国银行业调查报告_84.png	1
麦肯锡全球银行业年度报告_10.png-1	麦肯锡全球银行业年度报告_10.png	1
中国数字经济发展与就业白皮书+（2018年）_41.png-3	中国数字经济发展与就业白皮书+（2018年）_41.png	1
财通证券：养老金融系列之一：美国养老金都投些什么？_4.png-1	财通证券：养老金融系列之一：美国养老金都投些什么？_4.png	1
中国银行业2021年上半年发展回顾与展望_9.png-1	中国银行业2021年上半年发展回顾与展望_9.png	1
第一财经2024年4期_16.png-2	第一财经2024年4期_16.png	1
中国绿色金融研究报告（2024）_84.png-2	中国绿色金融研究报告（2024）_84.png	1
泰康绿色金融发展白皮书_24.png-2	泰康绿色金融发展白皮书_24.png	1
中国货币政策执行报告2022年第一季度_9.png-1	中国货币政策执行报告2022年第一季度_9.png	1
【宏观洞见】3月高频数据观察：汽车消费延续回暖，大宗商品整体偏强 - 中国金融信息网_4.png-2	【宏观洞见】3月高频数据观察：汽车消费延续回暖，大宗商品整体偏强 - 中国金融信息网_4.png	1
新华财经晚报：在全国范围实施个人养老金个人所得税优惠政策 - 中国金融信息网_2.png-3	新华财经晚报：在全国范围实施个人养老金个人所得税优惠政策 - 中国金融信息网_2.png	1
中国银行业2021年上半年发展回顾与展望_109.png-2	中国银行业2021年上半年发展回顾与展望_109.png	1
周期、重构、起航-2018年中国新经济创投白皮书_138.png-1	周期、重构、起航-2018年中国新经济创投白皮书_138.png	1
德勤：中国银行业2024年上半年发展回顾与展望报告_8.png-3	德勤：中国银行业2024年上半年发展回顾与展望报告_8.png	1
《中国经济观察》_35.png-2	《中国经济观察》_35.png	1
2024年中国银行业调查报告_41.png-3	2024年中国银行业调查报告_41.png	1
2020年中国地摊经济行业研究报告_9.png-1	2020年中国地摊经济行业研究报告_9.png	1
德勤：中国银行业2024年上半年发展回顾与展望报告_7.png-1	德勤：中国银行业2024年上半年发展回顾与展望报告_7.png	1
《中国经济观察》_21.png-1	《中国经济观察》_21.png	1
《中国经济观察》_21.png-3	《中国经济观察》_21.png	1
2024年中国银行业调查报告_29.png-2	2024年中国银行业调查报告_29.png	1
CB+Insights：2018年Q1全球金融科技报告_42.png-3	CB+Insights：2018年Q1全球金融科技报告_42.png	1
区域经济金融展望报告（长三角）2024年第4期 ：以稳促进 更好发挥长三角对全国经济的引领示范作用_1.png-3	区域经济金融展望报告（长三角）2024年第4期 ：以稳促进 更好发挥长三角对全国经济的引领示范作用_1.png	1
中国货币政策执行报告2022年第一季度_19.png-1	中国货币政策执行报告2022年第一季度_19.png	1
《中国经济观察》_50.png-2	《中国经济观察》_50.png	1
第一财经2023年9期_65.png-1	第一财经2023年9期_65.png	1
第一财经2023年9期_65.png-2	第一财经2023年9期_65.png	1
中国人民大学国际货币研究所：中国财富管理行业趋势报告（2024上）_32.png-2	中国人民大学国际货币研究所：中国财富管理行业趋势报告（2024上）_32.png	1
财经2024年5期_48.png-1	财经2024年5期_48.png	1
中国银行中国经济金融展望报告（2025年）：增量政策加力显效，推动经济“V”型反转_44.png-2	中国银行中国经济金融展望报告（2025年）：增量政策加力显效，推动经济“V”型反转_44.png	1
2022中国区域金融运行报告_23.png-2	2022中国区域金融运行报告_23.png	1
2019年国民经济和社会发展统计公报_2.png-3	2019年国民经济和社会发展统计公报_2.png	1
第一财经2023年8期_56.png-2	第一财经2023年8期_56.png	1
国家低空经济融创中心：中国上市及新三板挂牌公司低空经济发展报告（2024）_200.png-2	国家低空经济融创中心：中国上市及新三板挂牌公司低空经济发展报告（2024）_200.png	1
财经2024年8期_71.png-2	财经2024年8期_71.png	1
9月份社零同比增长3.2%，以旧换新政策显效发力_7.png-1	9月份社零同比增长3.2%，以旧换新政策显效发力_7.png	1
天风证券：券商行业2025年年度策略：政策大利好不断，券商板块静待进攻_4.png-3	天风证券：券商行业2025年年度策略：政策大利好不断，券商板块静待进攻_4.png	1
财经2024年9期_37.png-1	财经2024年9期_37.png	1
中国汽车金融市场数字化发展专题分析2019_13.png-1	中国汽车金融市场数字化发展专题分析2019_13.png	1
财经2024年9期_38.png-2	财经2024年9期_38.png	1
财经2024年9期_38.png-3	财经2024年9期_38.png	1
批价持续下移，茅台稳价措施加码_8.png-2	批价持续下移，茅台稳价措施加码_8.png	1
宏观半年报：2023年上半年经济形势分析及下半年展望：蹒跚复苏，关山可越_20.png-3	宏观半年报：2023年上半年经济形势分析及下半年展望：蹒跚复苏，关山可越_20.png	1
2020年中国金融行业数字化发展专题洞察_31.png-2	2020年中国金融行业数字化发展专题洞察_31.png	1
中国人民银行：人民币国际化报告（2024）_12.png-3	中国人民银行：人民币国际化报告（2024）_12.png	1
财经2024年3期_72.png-1	财经2024年3期_72.png	1
远东资信：《远东信用观察》2024年第2期_73.png-2	远东资信：《远东信用观察》2024年第2期_73.png	1
远东资信：《远东信用观察》2024年第2期_33.png-1	远东资信：《远东信用观察》2024年第2期_33.png	1
周期、重构、起航-2018年中国新经济创投白皮书_91.png-2	周期、重构、起航-2018年中国新经济创投白皮书_91.png	1
【研报推荐】银行行业深度报告：业绩承压，存贷款增长放缓，资产质量整体稳健_5.png-3	【研报推荐】银行行业深度报告：业绩承压，存贷款增长放缓，资产质量整体稳健_5.png	1
东吴证券：保险行业2025年投资策略：资负共振，长期可期_23.png-1	东吴证券：保险行业2025年投资策略：资负共振，长期可期_23.png	1
2024年A股IPO减速！募资额创近十年新低 最赚钱新股出炉 _ 东方财富网_12.png-3	2024年A股IPO减速！募资额创近十年新低 最赚钱新股出炉 _ 东方财富网_12.png	1
【宏观洞见】2023年流动性合理充裕 2024年将多举措创造良好货币金融环境 - 中国金融信息网_2.png-2	【宏观洞见】2023年流动性合理充裕 2024年将多举措创造良好货币金融环境 - 中国金融信息网_2.png	1
《中国经济观察》_23.png-2	《中国经济观察》_23.png	1
第一财经2024年8期_32.png-1	第一财经2024年8期_32.png	1
中金电信：新质生产力 制胜未来-2024年保险业研究与探索白皮书_44.png-3	中金电信：新质生产力 制胜未来-2024年保险业研究与探索白皮书_44.png	1
东吴证券：2025年A股投资策略展望：“内循环牛”和“科技成长牛”_65.png-2	东吴证券：2025年A股投资策略展望：“内循环牛”和“科技成长牛”_65.png	1
华鑫证券：基础化工行业深度报告：成本优势构筑国内化工行业龙头核心竞争力_42.png-2	华鑫证券：基础化工行业深度报告：成本优势构筑国内化工行业龙头核心竞争力_42.png	1
第一财经2023年1-2期_26.png-3	第一财经2023年1-2期_26.png	1
山西证券：信用策略系列报告四：一文读懂融资租赁债_61.png-1	山西证券：信用策略系列报告四：一文读懂融资租赁债_61.png	1
浦银国际证券：SPDBI中国股市资金全景图2022年4月刊：资金流周期底部，继续看多中国股票_35.png-3	浦银国际证券：SPDBI中国股市资金全景图2022年4月刊：资金流周期底部，继续看多中国股票_35.png	1
2024年中国银行业调查报告_7.png-2	2024年中国银行业调查报告_7.png	1
2021年的全球经济与中国经济_13.png-2	2021年的全球经济与中国经济_13.png	1
【新华500】新华500指数（989001）25日跌0.10% - 中国金融信息网_1.png-2	【新华500】新华500指数（989001）25日跌0.10% - 中国金融信息网_1.png	1
2020年中国地摊经济行业研究报告_21.png-3	2020年中国地摊经济行业研究报告_21.png	1
乘用车销售同比下滑，原油价格显著上涨_6.png-3	乘用车销售同比下滑，原油价格显著上涨_6.png	1
第一财经2024年12期_75.png-3	第一财经2024年12期_75.png	1
中国银行全球银行业展望报告（2025年）：新政策环境下银行业发展新趋势_19.png-1	中国银行全球银行业展望报告（2025年）：新政策环境下银行业发展新趋势_19.png	1
股票违约风险波及效应_机构部门资金流量视角_1_11.png-3	股票违约风险波及效应_机构部门资金流量视角_1_11.png	1
山西证券：信用策略系列报告四：一文读懂融资租赁债_20.png-2	山西证券：信用策略系列报告四：一文读懂融资租赁债_20.png	1
财经2024年3期_75.png-1	财经2024年3期_75.png	1
第一财经2023年6期_58.png-1	第一财经2023年6期_58.png	1
第一财经2024年2期_36.png-1	第一财经2024年2期_36.png	1
中国金融稳定报告2016_27.png-2	中国金融稳定报告2016_27.png	1
腾景宏观快报：美国3月CPI同比小幅上升，或为3.4%_4.png-2	腾景宏观快报：美国3月CPI同比小幅上升，或为3.4%_4.png	1
转型中的中东经济——中国与中东经贸合作前景广阔_6.png-2	转型中的中东经济——中国与中东经贸合作前景广阔_6.png	1
食品饮料行业周报：五粮液25年定调营销执行提升年，酒鬼酒人事变动落地期待后续变革_4.png-2	食品饮料行业周报：五粮液25年定调营销执行提升年，酒鬼酒人事变动落地期待后续变革_4.png	1
【财经分析】市场预期改善 楼市止跌回稳态势延续 - 中国金融信息网_1.png-2	【财经分析】市场预期改善 楼市止跌回稳态势延续 - 中国金融信息网_1.png	1
全球金融科技投融资报告(2021年7月)_6.png-2	全球金融科技投融资报告(2021年7月)_6.png	1
转型中的中东经济——中国与中东经贸合作前景广阔_19.png-3	转型中的中东经济——中国与中东经贸合作前景广阔_19.png	1
浦银国际证券：SPDBI中国股市资金全景图2022年4月刊：资金流周期底部，继续看多中国股票_42.png-1	浦银国际证券：SPDBI中国股市资金全景图2022年4月刊：资金流周期底部，继续看多中国股票_42.png	1
第一财经2023年10期_26.png-2	第一财经2023年10期_26.png	1
泰康绿色金融发展白皮书_20.png-1	泰康绿色金融发展白皮书_20.png	1
海通国际：阿联酋银行行业：国有大行迪拜分支机构调研：高ROE低风险，颇具增长潜力_2.png-2	海通国际：阿联酋银行行业：国有大行迪拜分支机构调研：高ROE低风险，颇具增长潜力_2.png	1
数字点亮夜经济（2019）-透过数据看12城市夜经济_43.png-3	数字点亮夜经济（2019）-透过数据看12城市夜经济_43.png	1
2020年中国金融行业数字化发展专题洞察_32.png-2	2020年中国金融行业数字化发展专题洞察_32.png	1
第一财经2023年1-2期_89.png-2	第一财经2023年1-2期_89.png	1
财经2023第06期_81.png-3	财经2023第06期_81.png	1
周期、重构、起航-2018年中国新经济创投白皮书_12.png-3	周期、重构、起航-2018年中国新经济创投白皮书_12.png	1
12月需求创新高2024年智驾迎拐点比亚迪发力_33.png-3	12月需求创新高2024年智驾迎拐点比亚迪发力_33.png	1
中国人民银行：人民币国际化报告（2024）_17.png-2	中国人民银行：人民币国际化报告（2024）_17.png	1
《中国经济观察》_16.png-2	《中国经济观察》_16.png	1
第一财经2024年3期_61.png-3	第一财经2024年3期_61.png	1
2024年中国银行业调查报告_18.png-3	2024年中国银行业调查报告_18.png	1
财经2023第02期_16.png-3	财经2023第02期_16.png	1
2017-2018中国互联网金融行业舆情监测分析报告_21.png-2	2017-2018中国互联网金融行业舆情监测分析报告_21.png	1
周期、重构、起航-2018年中国新经济创投白皮书_178.png-3	周期、重构、起航-2018年中国新经济创投白皮书_178.png	1
UNDP&CICETE&度小满：2024年农村小微企业融资新发展报告_16.png-2	UNDP&CICETE&度小满：2024年农村小微企业融资新发展报告_16.png	1
第一财经2024年1期_26.png-1	第一财经2024年1期_26.png	1
股票违约风险波及效应_机构部门资金流量视角_1_10.png-1	股票违约风险波及效应_机构部门资金流量视角_1_10.png	1
新浪微博：2015年微博股票白皮书_19.png-3	新浪微博：2015年微博股票白皮书_19.png	1
2024年中国银行业调查报告_34.png-2	2024年中国银行业调查报告_34.png	1
《中国经济观察》_27.png-2	《中国经济观察》_27.png	1
数字点亮夜经济（2019）-透过数据看12城市夜经济_16.png-1	数字点亮夜经济（2019）-透过数据看12城市夜经济_16.png	1
财经2024年3期_96.png-2	财经2024年3期_96.png	1
《宏观观察》2023年第16期：2022年人民币汇率走势回顾及2023年展望_10.png-3	《宏观观察》2023年第16期：2022年人民币汇率走势回顾及2023年展望_10.png	1
东吴证券：2025年A股投资策略展望：“内循环牛”和“科技成长牛”_79.png-3	东吴证券：2025年A股投资策略展望：“内循环牛”和“科技成长牛”_79.png	1
2022金融行业薪酬趋势报告（上半年）_11.png-1	2022金融行业薪酬趋势报告（上半年）_11.png	1
东吴证券：2025年A股投资策略展望：“内循环牛”和“科技成长牛”_46.png-3	东吴证券：2025年A股投资策略展望：“内循环牛”和“科技成长牛”_46.png	1
中证指数：2020全球上市中国股票概览_3.png-2	中证指数：2020全球上市中国股票概览_3.png	1
2020年中国地摊经济行业研究报告_17.png-2	2020年中国地摊经济行业研究报告_17.png	1
财经2023第01期_107.png-3	财经2023第01期_107.png	1
腾景宏观快报：美国3月CPI同比小幅上升，或为3.4%_2.png-3	腾景宏观快报：美国3月CPI同比小幅上升，或为3.4%_2.png	1
低空经济元年已至，扬帆但信风_13.png-3	低空经济元年已至，扬帆但信风_13.png	1
财经2024年9期_96.png-1	财经2024年9期_96.png	1
金融数字化发展联盟：2024年消费金融数字化转型主题调研报告_147.png-1	金融数字化发展联盟：2024年消费金融数字化转型主题调研报告_147.png	1
中国人民银行：人民币国际化报告（2024）_39.png-1	中国人民银行：人民币国际化报告（2024）_39.png	1
财经2024年8期_76.png-2	财经2024年8期_76.png	1
2020年中国金融行业数字化发展专题洞察_38.png-2	2020年中国金融行业数字化发展专题洞察_38.png	1
货币市场日报：12月23日 - 中国金融信息网_3.png-1	货币市场日报：12月23日 - 中国金融信息网_3.png	1
宏观半年报：2023年上半年经济形势分析及下半年展望：蹒跚复苏，关山可越_18.png-3	宏观半年报：2023年上半年经济形势分析及下半年展望：蹒跚复苏，关山可越_18.png	1
财经2024年8期_71.png-3	财经2024年8期_71.png	1
2024中国金融科技企业首席洞察报告_15.png-2	2024中国金融科技企业首席洞察报告_15.png	1
第一财经2024年9期_32.png-2	第一财经2024年9期_32.png	1
财经2024年2期_11.png-3	财经2024年2期_11.png	1
中国金融科技专题分析2020_8.png-3	中国金融科技专题分析2020_8.png	1
2020年中国地摊经济行业研究报告_13.png-3	2020年中国地摊经济行业研究报告_13.png	1
